Age,Income,SocialMediaSpent,HealthIndex,EntertainmentSpend,StressLevel,UsageDurationMinutes
54.96714153,89.44748948,105.2080351,21.76014809,157.9934758,-111.6293218,804.7661386
48.61735699,77.5492039,96.22308328,21.72752346,145.6024431,-99.04837041,738.4947636
56.47688538,85.01347992,107.4068313,26.99762609,169.5747911,-120.1363435,836.3085844
65.23029856,94.61076396,128.3048664,38.27821225,199.4719385,-131.7809579,1013.428822
47.65846625,74.97881595,82.06162984,25.4988925,132.0405319,-92.38561618,701.8463366
47.65863043,73.45537257,96.81031681,19.82287051,147.7164295,-100.4141893,739.1464314
65.79212816,103.1641583,131.5926946,34.35417295,175.7412514,-127.3903257,976.787342
57.67434729,89.68737995,109.6290742,24.19526168,167.9839655,-113.3975953,847.0895304
45.30525614,73.20564779,95.22523196,25.90070123,132.0095777,-93.54744557,721.2114924
55.42560044,80.4622246,117.4141918,26.29942626,171.3434159,-111.4173194,857.082881
45.36582307,74.63570494,79.47872709,22.40200297,136.278516,-84.33835891,705.4588415
45.34270246,69.00205172,85.34633148,26.64874117,124.783603,-87.75121367,685.8128219
52.41962272,89.00573844,99.45524898,22.34832065,149.3789231,-104.8041108,790.7138157
30.86719755,42.85485724,55.1550734,11.24224422,94.19103274,-62.68512837,459.2239937
32.75082167,57.80605153,71.30796724,14.62461286,97.61992629,-65.19520707,528.9396536
44.37712471,67.55524098,87.39746644,25.30369891,128.4983812,-90.80130365,668.8167879
39.8716888,56.55044318,77.8917737,15.37780617,115.7683961,-88.16237562,588.0730564
53.14247333,77.29428082,92.2579101,18.07476987,164.996764,-98.11623501,797.5956512
40.91975924,59.77790233,86.2874447,19.10640305,118.6177372,-81.21821849,618.8633651
35.87696299,55.93627421,63.07911721,19.59370389,106.926159,-70.16133691,559.4444332
64.65648769,99.59890897,129.7325038,35.92902909,211.3289558,-129.5446064,1057.846219
47.742237,68.74485547,97.42611256,22.48163441,131.8372499,-98.42494119,698.4632435
50.67528205,75.89115011,110.8751743,24.1033612,137.2111043,-102.094262,777.2862025
35.75251814,64.340129,62.34329348,21.33796127,113.5262717,-77.90261532,570.0589121
44.55617275,75.47197498,67.97576042,16.66886128,128.2393738,-80.00399952,654.5524918
51.1092259,78.84545719,103.5053986,24.38905062,150.7817775,-107.1564998,775.7915969
38.49006423,57.92511373,89.58370672,19.81630378,109.2209417,-81.10799359,601.4080808
53.75698018,81.23562691,116.1865848,28.22614626,159.1925394,-109.2749972,822.6785039
43.9936131,69.05800951,89.45484211,20.46738647,144.7691442,-82.8349233,702.8393336
47.0830625,65.51063093,90.7246717,23.64485429,147.6662152,-94.10808901,720.2749073
43.98293388,64.68751813,93.61572593,14.52648488,138.8465897,-92.91041094,652.8483203
68.52278185,94.4412524,130.2307403,32.28664569,194.2385291,-132.0282102,998.8769105
49.86502775,76.79365724,103.0645599,26.29304001,140.3858534,-96.806053,768.2621204
39.42289071,62.37031576,82.38407254,16.76456325,95.55604286,-76.69204159,548.2389366
58.22544912,84.92224137,123.8723676,29.28967723,168.2013008,-113.5879613,878.2005182
37.7915635,64.55727907,94.90074727,20.23639925,121.028316,-66.0056794,667.7950695
52.08863595,72.00412561,106.9241837,25.01667037,160.40148,-95.43689232,825.6418103
30.40329876,38.28307374,57.24385214,15.71304069,89.43779018,-63.55345889,423.4327579
36.71813951,56.19946836,73.25725884,15.47087206,109.9760163,-66.94073905,578.2190335
51.96861236,83.18841005,91.55369338,25.36447234,150.3947527,-102.404552,787.506977
57.3846658,94.49663716,109.9063397,30.52298141,173.7920685,-112.7729483,915.9901064
51.71368281,75.2761029,100.5623886,26.32776029,161.2680747,-110.196449,804.2351815
48.84351718,78.65867993,94.01841557,22.66216478,133.6034572,-98.36857741,740.6708892
46.98896304,70.29090222,95.04441019,24.16713073,143.3640706,-97.22922045,723.4423234
35.2147801,51.95903364,64.67262067,19.75121942,113.1038193,-67.11732493,564.083856
42.80155792,68.62063656,93.4503305,15.25095512,125.0838714,-81.31879383,656.5473313
45.39361229,71.35203283,90.78867404,26.17402834,141.7864418,-99.08516998,715.1161778
60.57122226,82.97487261,121.0773423,29.27684692,204.2309023,-121.230584,985.3721267
53.4361829,87.53697609,104.5771028,27.99456125,159.4738063,-102.3849198,830.6095371
32.36959845,55.45485444,65.82553168,19.77653999,100.2552517,-65.48591274,522.6090099
53.24083969,76.73344603,112.2573672,22.50539876,153.8180624,-103.5654248,814.2316987
46.1491772,71.20278346,86.22844288,20.94626559,139.8975409,-90.89369252,715.5193076
43.23078,67.31632093,81.85474457,20.74974391,133.374513,-85.09491907,669.2212221
56.11676289,85.47851316,110.1074436,25.70712088,169.9090274,-113.3187857,867.0493801
60.30999522,87.71346707,111.198894,35.35980734,172.7724231,-125.4863137,899.0125297
59.31280119,85.61108495,112.8907974,27.08608431,179.5892977,-123.111723,901.4427127
41.60782477,62.2839668,79.88210342,19.13727205,136.5210418,-80.37823948,665.6010733
46.90787624,76.22545946,99.93647675,24.06710522,144.3127148,-93.73791946,764.4983079
53.31263431,82.68695224,108.4631979,23.04986858,167.6338005,-107.1793176,863.0506929
59.75545127,87.78010525,120.8660319,28.6906835,177.3702581,-121.2064627,913.1881178
45.20825762,71.67087999,96.37280098,23.55648859,141.6239748,-91.63727063,729.0095892
48.14341023,57.97240225,95.32521795,23.0731239,146.6643734,-92.09917329,728.8325355
38.93665026,64.14880389,80.60655447,19.18816455,109.2026649,-79.21427685,589.2866896
38.03793376,48.35833174,75.35331525,17.43097054,116.6619693,-81.44012637,583.1336559
58.12525822,85.37568263,118.1080529,24.51921818,166.4422014,-113.2759093,867.981709
63.56240029,89.74525096,123.04549,32.74597978,185.6241587,-127.9443072,947.5775878
49.27989878,67.4464408,81.48807746,29.90474861,149.3543228,-98.43421411,731.8061703
60.03532898,95.85712741,119.1307038,30.07286938,182.4839411,-113.6403447,963.3996688
53.61636025,78.08603437,117.1919575,27.48397248,151.335221,-107.3149627,822.7203571
43.54880245,67.05572309,93.58111272,23.85256949,139.0782935,-85.94087022,708.2646573
53.61395606,80.18633119,113.9856945,22.99898654,165.4179184,-111.9436061,832.6148065
65.38036566,100.4557526,139.4136464,37.79772681,190.5032695,-131.6394091,1009.168296
49.64173961,74.84671887,99.90408235,25.42785619,136.6245405,-96.84537504,743.4894701
65.64643656,92.05469372,132.6740831,37.71878898,195.780073,-137.5143681,1005.314509
23.80254896,40.68515754,43.28153465,9.702175493,67.84009717,-46.80171755,373.0397888
58.21902504,84.85975465,114.2255401,34.56369829,175.5621988,-116.0348858,899.959529
50.87047068,68.52279653,106.0513394,27.76070182,149.7064788,-101.5757915,761.5328362
47.0099265,68.37431394,102.4470441,25.16408351,124.9701246,-89.8712174,695.653991
50.91760777,83.8802106,100.8590916,26.16087725,149.6460478,-100.4974615,781.0561252
30.12431085,49.43757499,57.09729685,14.31656957,87.92797967,-54.33633411,483.3491688
47.80328112,69.96166101,95.61025796,27.50323554,148.4791316,-99.58092031,764.5001054
53.57112572,78.61040005,111.3506987,27.20664247,155.1277797,-106.5985532,819.2954978
64.77894045,95.56023542,119.4508972,26.48826111,207.7662187,-129.2200137,1007.909833
44.81729782,77.60968664,73.56132896,19.05708952,119.158769,-93.91161361,632.1974285
41.91506397,64.78227322,79.97637,20.39999473,136.2345319,-80.00494793,674.0156485
44.98242956,69.62385258,81.41987215,23.42121173,133.1527369,-80.6661659,695.9232343
59.15402118,93.88244904,114.751061,29.40724512,184.3387425,-118.3760667,929.395336
53.2875111,81.12521244,105.54056,30.30066792,160.5009452,-104.5549378,822.1887722
44.70239796,65.75838621,86.23205706,16.49789339,143.2236382,-89.06672202,689.5496735
55.13267433,81.71726225,120.4326214,27.99710098,162.2991273,-113.1196873,850.3344987
50.97077549,76.09815694,104.2287643,20.03145007,144.1233631,-109.2245921,743.6746617
59.68644991,89.34356368,121.4762203,32.12236184,190.423384,-122.1959937,953.0552492
42.97946906,68.10735131,90.31438813,21.20635839,128.030562,-91.52677165,660.9244153
46.72337853,70.34479723,85.47492524,24.62051918,141.9426034,-86.63034876,719.8670044
46.07891847,72.78157809,99.43161945,20.44781035,148.1147707,-92.61827571,744.6652532
35.36485052,52.64369288,70.19935103,21.52082005,97.83890962,-72.11337835,538.7838399
52.96120277,79.83498011,110.6157699,29.60577538,163.6475355,-102.3657902,839.6827786
52.61055272,68.92482566,97.71810481,28.05590927,153.1125001,-109.7081099,765.2181373
50.05113457,79.65834022,89.22595777,24.63701554,149.0960489,-103.1697253,756.6362481
47.65412867,73.21363538,101.0334849,25.56663619,143.5406177,-95.03596826,745.900075
35.84629258,58.75948942,74.32745184,15.80246859,95.53710285,-67.57750919,531.1274102
45.79354677,54.20904327,85.27273266,25.46344036,131.149944,-89.58035336,664.8280261
46.57285483,80.30115578,87.0580681,28.2348701,150.5271476,-92.1524091,761.2947659
41.97722731,62.26789282,91.83249811,24.20044533,133.0212114,-83.64198367,688.2914732
48.38714288,78.12162841,88.44840252,22.00476403,144.660312,-95.17334234,729.8639443
54.04050857,75.86123322,119.5797278,28.10450624,164.0665134,-107.2744055,859.2685016
68.86185901,106.356658,131.4193729,30.55150487,204.231637,-141.8436071,1055.583203
51.74577813,72.35158938,107.9602997,27.59006,166.0900015,-103.3072394,817.0613257
52.57550391,75.74441106,102.8506785,27.63956219,156.1236911,-109.4457625,797.634476
49.25554084,83.45346803,102.7333937,19.0183214,149.6213593,-98.18675151,765.1339806
30.81228785,45.26501977,57.81577768,11.92079239,101.6051047,-63.54716746,486.3026367
49.73486125,75.68945623,98.33017215,24.01801393,142.9856119,-89.312196,753.9171502
50.6023021,80.2537918,101.4910384,24.39857181,164.2772198,-101.3641817,821.392455
74.63242112,114.4270411,142.2495301,33.68777976,211.6535721,-154.8818005,1083.438201
48.07639035,72.86668005,101.3385511,25.20513136,157.2663081,-96.68950155,782.7169639
53.01547342,81.34801515,102.4384519,27.26215754,156.0650156,-103.9535119,802.9380393
49.6528823,86.49640138,97.7055652,24.24363376,147.0170569,-92.61230882,799.9575722
38.31321962,57.18173545,69.66599363,16.88923531,99.8195775,-78.98424885,521.7905381
61.42822815,93.14783745,104.9201207,33.86023545,180.6463267,-129.1861682,915.5698315
57.51933033,91.53226747,113.7014663,33.7258865,164.2395387,-111.7713126,890.8412191
57.91031947,92.39310887,132.7089469,27.50447528,168.8697876,-121.3430338,900.6166264
40.90612545,67.29433971,87.30448092,18.61656197,121.6198886,-83.55687267,640.1444984
64.02794311,99.23556577,127.9210636,33.48759455,199.7461622,-129.0863682,1006.318979
35.98148937,48.25720949,70.12274294,16.91665655,109.6052949,-72.24151256,542.4566464
55.86857094,91.97001407,111.8944031,27.51609387,170.067126,-108.980484,902.1104876
71.90455626,102.1251074,147.6389463,38.17123758,206.9495137,-146.5436496,1073.654839
40.09463675,61.65513245,71.92358379,14.31925011,113.2378775,-81.28419051,583.0331903
44.3370227,62.73415481,96.47429727,26.12341833,147.4008683,-88.73112682,749.66522
50.99651365,76.17407874,107.0006965,25.7162984,147.1079327,-101.3946355,771.08209
44.96524346,69.09167724,94.957787,21.2481423,148.1453964,-89.53917822,718.8678598
34.49336569,53.34683461,72.05606155,16.97898038,101.5356075,-67.24270828,539.5099182
50.68562975,78.13804839,101.5085761,25.23010294,152.0751927,-97.99590146,785.2930727
39.37696286,67.13400064,83.46395438,14.49487752,126.6938099,-77.18338926,656.9468731
54.73592431,84.37155797,113.6145475,31.85277684,174.3829123,-107.6575065,896.1888094
40.80575766,59.98785331,79.13323034,20.52685573,121.5307725,-87.94040798,600.9913527
65.49934405,103.0694519,126.9834757,34.07867842,193.3920877,-130.7977773,997.4201539
42.16746708,69.19855306,85.04792822,23.93838285,126.0550376,-82.41690396,684.1402319
46.77938484,64.03103818,104.4019107,20.32620505,143.0418147,-90.6430049,721.4963853
58.13517217,90.18975861,107.5965948,30.48800178,181.535946,-119.0397474,905.7857111
37.69135684,60.04289897,65.11003681,18.04275515,113.1079094,-78.01887077,574.5383794
52.27459935,76.9240815,105.7025246,28.677612,161.7748884,-106.8456014,814.8057383
63.07142754,101.4856754,126.499069,25.15403151,202.3211605,-123.9971995,1002.616413
33.92516765,50.13747355,69.06372696,16.66530093,104.8259799,-63.71481109,536.7797165
51.84633859,78.39739015,105.4003496,24.11470733,158.0322386,-105.3225176,806.9580909
52.59882794,78.03288279,103.6352401,27.59620282,145.6451972,-101.5658066,791.9045305
57.81822872,86.80523831,126.0655015,30.31924692,152.4088451,-115.1425382,856.5037911
37.63049289,50.9643639,64.05465793,16.69236876,115.9984845,-75.75812889,552.8778624
36.79543387,47.99289639,67.79138856,16.26119534,109.6277078,-74.43640466,530.004148
55.21941566,90.8016488,109.716048,27.27771172,161.5399856,-107.4523859,844.5477127
52.96984673,75.21996336,94.43737179,23.79499668,160.8577818,-104.6373822,791.7335366
52.5049285,73.80043101,103.7788762,28.77841534,157.0315557,-95.9065553,838.4931436
53.46448209,69.42977257,118.5592554,25.62461945,169.4156883,-110.3378628,823.5240912
43.19975278,61.60482044,86.54571099,12.87891173,130.2881453,-84.32709876,630.6652421
52.32253697,71.86835649,106.2599803,25.03680232,150.9922246,-106.761878,764.1291417
52.93072473,87.6061629,97.04029611,23.3497309,166.7135041,-109.3385974,829.7650643
42.85648582,69.33381418,81.39844178,16.53441546,126.8324089,-85.75644019,648.9987651
68.65774511,99.54586594,134.6891156,30.61659264,210.1855288,-136.7660803,1045.305664
54.73832921,93.36967284,107.2526527,27.69739002,160.395702,-97.8039642,865.4257405
38.08696503,62.03927498,85.14543662,23.029405,109.06228,-76.91051332,608.3733239
56.56553609,83.22414721,117.0349096,29.22232146,170.3699541,-117.6517871,854.4352148
40.2531833,47.88274637,72.7261609,18.30708148,120.862179,-79.41432373,581.4326423
57.87084604,98.26098192,117.4672255,30.3031356,177.4511544,-124.0402522,924.1862689
61.58595579,85.43107135,126.6594638,29.41570696,182.6087013,-123.5397387,917.0805148
41.79317682,54.46277149,91.5673969,18.8127873,110.6886522,-83.5222525,580.9441007
59.63376129,94.5634941,130.3313074,26.35379264,175.4390928,-116.0891211,947.6520654
54.12780927,93.39047594,101.1499592,21.80841821,168.7339755,-104.3611295,848.3096917
58.2206016,94.25226649,110.7652006,27.94052968,172.2827962,-118.4554817,900.2029312
68.96792983,106.2714403,129.1328146,34.95812538,204.9327223,-138.5383157,1048.411059
47.54611884,74.29294997,93.45409867,23.48318841,150.5293686,-98.156721,747.422864
42.46263836,67.96103533,88.18978533,19.98341839,121.6921293,-89.43752693,645.6344589
41.1048557,65.4519265,89.12105302,17.71518967,110.9721414,-80.97013229,604.9945511
41.84189715,64.16880285,83.15213714,22.74568715,124.2406425,-88.7781365,640.7963934
49.22898291,74.36447988,96.21903315,20.66309569,143.8135571,-100.1164734,727.4720747
53.41151975,79.80431398,107.8853454,29.03384362,152.5045887,-110.8037353,790.7940696
52.76690799,75.38053905,99.68781568,23.37680294,156.8976963,-103.3350832,791.1067541
58.27183249,86.00437335,131.170436,26.87861053,178.7475426,-109.3379446,929.9150406
50.13001892,66.73024431,89.00641065,20.66465389,150.3157483,-105.4663898,713.8637627
64.53534077,96.31131302,130.3638656,30.76346395,196.0618709,-136.4827555,970.9842873
47.35343167,66.08719197,108.8721069,26.60265321,156.5675566,-95.20641088,800.6655861
77.20169167,110.2845909,154.4509822,40.1477301,228.8620441,-154.3405921,1184.604798
56.25667348,85.28448097,111.1830737,31.06360307,170.9968095,-111.6387097,891.7449808
41.42842444,69.10264809,80.35473091,22.28063986,120.2115664,-84.64213093,636.4116432
39.29107502,63.52819556,77.31940827,16.33452802,111.1023473,-79.38470723,566.774954
54.82472415,74.38458321,119.2593876,26.4199944,159.7949112,-108.1794067,850.5106476
47.76537215,66.69991754,80.04771091,21.54208869,139.4660479,-91.36902072,692.7490634
57.14000494,90.41386335,125.0140458,32.56172718,174.2958212,-122.100205,903.0651828
54.73237625,77.1861274,99.49705242,23.77582218,182.989735,-110.9405102,855.8242398
49.27171087,72.78440056,96.67685544,27.3169485,142.0867851,-97.68818657,760.6712082
41.53206282,65.04835472,80.0594147,23.44489302,121.263186,-86.73603006,633.4513672
34.85152775,47.43556936,73.82292839,22.91462448,104.0495992,-62.77837698,573.6641868
45.53485048,68.82915325,79.8828305,21.53836546,139.7709422,-93.61134048,695.9939926
58.56398794,81.17585444,120.3631845,31.41896045,177.8003703,-117.2931466,894.0187688
52.14093744,75.20456794,118.4520422,32.91542423,166.6955787,-102.0577865,861.6942516
37.54261221,57.91282799,65.54300639,16.91838108,93.21670007,-77.45036358,518.272225
51.73180926,69.63274522,104.7915617,21.26078389,136.0999888,-110.8499107,680.7564288
53.8531738,82.98213439,103.0724724,21.2865568,157.592496,-109.4209657,795.3742877
41.16142564,61.64394946,85.30406172,22.71884891,132.2626784,-78.20508905,659.6254645
51.53725106,80.06832636,103.2085366,20.11917491,142.0865689,-104.4220826,743.9471221
50.58208718,76.99270145,96.67376601,24.17408643,127.6852028,-104.5499116,701.8816253
38.57029702,64.67614768,80.55570004,20.59708807,120.2803263,-73.43790521,631.1884404
53.5778736,80.99293292,119.786184,27.34446341,162.6828786,-108.4788468,843.9326862
55.60784526,81.26474019,109.879364,29.08025722,158.1018685,-113.2563338,817.4425131
60.83051243,91.85725616,126.6993305,31.08212578,174.6072205,-121.0632005,951.8553381
60.53802052,93.52352093,112.0231303,34.1056077,173.8561118,-117.9930402,940.4780697
36.22330632,54.57925983,65.751558,15.25470402,109.5542015,-62.91975851,547.4524742
40.6217496,61.13558286,84.55034315,18.27988939,116.8547266,-77.93455477,634.0991324
55.15035267,79.21557057,120.6895175,25.257198,169.4035694,-105.6613455,865.1622688
55.13785951,79.39228468,112.7650125,30.05950519,142.5765652,-112.2995838,794.2560786
55.15047686,75.71268894,108.1095475,30.2764342,158.5966157,-114.4044261,814.9517417
88.52731491,141.5388561,177.0496697,45.61733341,256.573513,-176.8053044,1356.200225
55.70890511,77.34404148,102.6649561,31.40493355,165.0759899,-110.9891306,848.4840013
61.3556564,88.56895861,126.9429201,27.1437056,179.7625871,-127.0253638,916.4257181
59.54001763,85.71799012,125.2563667,34.77168115,185.0028031,-119.7812134,943.9309538
56.51391251,89.24549065,109.8631927,32.82667212,154.6670434,-111.4305546,840.8681524
46.84730755,68.79621294,90.40432007,25.63051977,140.9058545,-92.25304153,714.7529068
57.5896922,92.62324867,117.040532,34.14024283,177.235768,-113.162233,916.5703921
42.27174785,60.04016866,81.48645756,16.1660043,141.6684231,-83.37963679,664.1049749
47.63181393,72.84269171,94.80069956,22.24256256,139.041314,-97.2916625,705.6530128
45.14636452,63.54281152,104.9907816,20.36727188,138.0347624,-92.34833155,702.4633732
50.81874139,86.95385773,99.90830288,27.57380867,138.0253218,-106.4332884,776.9509654
73.14658567,103.7818864,143.7847903,33.42287061,200.3041074,-139.1540712,1078.371849
31.32734807,48.54012566,58.12190351,17.93615949,100.7402392,-62.60089469,502.227196
56.8626019,88.46278726,118.9345476,32.54290938,170.5433234,-114.624616,899.569684
33.87284129,52.87825742,66.47711336,19.02202934,111.0466254,-71.4608509,565.8154154
45.28068134,66.99458372,86.01575142,23.49159374,124.8548209,-78.81873107,690.0811987
60.88950597,90.68515546,131.0281402,27.48113296,186.827735,-126.0723241,940.7750336
50.64280019,76.18325765,111.2228214,22.7808472,166.8789433,-103.0009921,807.6498811
39.22255222,58.09881832,74.24213948,23.36013283,121.0253015,-76.7817571,622.8262765
42.84696291,69.08983995,72.62814616,23.76152847,130.7535408,-83.29307395,675.0438927
56.79597749,96.24658124,120.6445508,28.28093019,170.4563811,-109.7602268,907.7427186
42.69633368,61.2570416,80.60025859,20.0944382,115.5219494,-78.16223333,625.5080014
52.1645859,71.39786395,109.863551,20.00486933,167.3383412,-102.3045412,806.8259518
50.4557184,75.24216736,87.12071007,22.01530194,146.4802941,-105.13556,724.1505825
43.48399652,78.12454147,93.21617442,27.47625552,134.4878556,-87.99577355,705.3871233
71.43944089,103.1407885,134.4006783,31.87835373,201.8140482,-141.6475523,1036.627132
56.33919022,92.70436936,117.7937293,28.73803458,159.5818934,-104.4054763,894.3887664
29.74857413,53.01136527,59.59705974,17.89661899,100.7264216,-65.08837018,496.4454358
51.86454315,75.02887351,97.05151036,22.16750357,152.8152111,-98.91878027,774.1051829
43.38213535,67.91811842,83.91501651,22.2451991,141.7726099,-86.04461323,693.9646141
58.52433335,95.92848314,121.8528959,32.07591329,174.9471548,-113.6973446,941.2784669
42.07479262,61.21655022,84.8908464,21.07489427,111.4891957,-84.5575641,605.6473651
48.85263559,72.26105158,101.796162,33.03152696,153.6944476,-101.0750017,784.6301699
55.04987279,79.66640461,123.9348297,22.51913862,160.4304798,-107.0962545,854.620417
58.65755194,82.91254426,106.3654126,32.50496156,181.5621663,-114.6973798,914.2577522
37.99703593,53.74916617,87.31455988,18.48011275,114.1927947,-72.105844,595.5410541
46.65498764,63.86278013,94.04046685,25.64325429,127.6200171,-93.36319382,688.3101509
45.25054689,68.04623767,84.20960544,23.9491949,137.0659988,-92.90038187,696.0750854
43.46670767,61.35019536,77.62121997,19.53388525,147.9699082,-93.16856333,680.2450759
67.6545424,102.6507432,133.9852421,34.51426038,206.9075189,-132.0315917,1043.109673
54.04981711,73.29524743,114.551185,21.4512042,161.6893093,-106.4040763,821.7321548
37.39116046,57.74114185,73.88947707,20.50532273,120.7762286,-78.64545144,592.0788785
59.17861947,92.93557401,128.9353235,30.48378513,179.2212061,-120.5115336,934.9939419
71.22156197,96.86366474,132.2848941,37.52676149,215.3409598,-144.3101592,1094.594133
60.32465261,92.35726176,120.5646826,33.33668128,172.2409564,-126.5812429,912.6450893
34.80630034,58.34779547,60.84584657,18.50600969,106.2896852,-72.88333027,533.3785851
45.15765927,61.68828381,92.86074172,23.0230979,143.7565251,-94.85063997,678.9748282
62.66911149,102.3665292,131.5464347,28.69135074,181.3188373,-126.988139,977.4192928
42.92330534,66.48005306,82.90127813,19.32499038,140.1658826,-88.80140068,664.1003044
54.43819428,78.13223214,90.64689157,30.779301,162.5809347,-115.3844082,791.0514945
57.74634053,86.34066541,116.8853181,33.18217648,166.1368655,-107.4023201,897.2456641
40.73069528,63.88767749,84.51856043,19.65101633,130.1731425,-76.45122764,678.4137901
49.40474644,74.48714662,101.6395562,24.84038146,145.9198854,-101.9255706,762.639844
17.5873266,29.07476986,43.82512854,6.079820175,58.8380989,-34.08496761,296.6399299
39.75612359,55.03081741,72.01487142,23.39633233,116.9343017,-77.84238681,602.5998119
47.47431849,72.05828185,99.71014971,25.73340971,141.9443463,-90.18429355,747.3045718
37.52216818,49.21467979,83.39188895,24.5847364,116.5149862,-78.31875647,599.0703156
66.32411304,98.93003925,120.198113,30.52708729,201.2995156,-128.2797989,1008.11348
35.69858622,49.02834112,73.63473522,16.71526941,91.13150442,-73.58879366,506.5055696
45.59955513,64.72168299,87.66985145,23.49411533,127.8287155,-96.54255988,669.2956718
51.30740577,83.14157454,102.0441528,27.5931715,161.3574972,-99.71826531,836.1991552
64.41273289,102.0756499,131.2592012,31.55936353,192.181106,-123.6624321,1007.606035
35.64137849,56.50775834,67.87215703,15.20180597,102.734285,-60.93112108,557.5726017
61.63163752,86.98589246,118.5333185,33.46004135,174.0263204,-128.0621761,902.3126362
50.10233061,73.57145367,100.4437281,27.21457139,141.6691013,-97.40898248,747.8789772
40.18491349,66.34285873,72.75910541,17.34363444,104.3803513,-82.00903195,563.8966758
54.62103474,82.64013668,101.6412936,31.37684577,163.0528585,-106.1086346,847.8387637
51.99059696,89.58254313,108.7368069,29.50589461,151.1842902,-109.8631521,828.0595778
43.99783123,67.96333604,79.95410421,22.40180511,124.2607906,-93.04674156,640.3871285
50.69802085,77.00727686,106.0602292,25.58780401,151.5490751,-104.499541,771.3419199
46.14686403,67.67471373,95.53186711,24.73560533,141.3523571,-91.97787188,725.8296405
51.13517345,77.3704647,90.1896998,22.98247752,170.1511038,-104.834672,801.3235159
56.62130675,84.16961094,108.4996609,28.40074781,157.7688529,-110.6063961,839.9651791
65.86016816,102.3307956,140.0791021,26.47293345,206.8555528,-127.6127578,1054.274351
37.62184501,61.2162791,68.37553131,21.44028944,120.6503475,-72.84537986,620.497521
71.33033375,103.0655533,139.4098377,30.98068721,207.7582593,-136.1855169,1061.828869
30.479122,39.06251824,64.19267026,19.74982049,93.06325365,-59.29493749,475.3458034
48.48214905,63.54219671,102.4480317,23.25071424,141.7853812,-101.8318849,705.2012527
55.88317206,86.36471473,110.0055719,27.30658509,169.1350248,-106.3128381,881.6528411
52.80991868,73.69804499,101.437266,24.52175762,170.5028041,-108.0404623,830.6293158
43.7730048,54.89505424,97.50259864,21.02238578,136.1638643,-83.9043356,680.4342203
47.9187775,73.82105927,108.0098526,28.21498278,147.8251995,-89.54261813,791.9489362
45.06999065,80.06998357,96.99198766,15.07156936,131.7674974,-88.31322926,716.2453757
44.10635243,66.12917409,88.80993186,25.88407237,120.446604,-94.19734011,656.1677491
58.49602097,91.93648533,111.3341819,30.26208093,173.8203172,-120.6648906,897.3609172
53.57015486,80.76437908,101.3271989,23.16401249,170.3633298,-101.8493319,827.9625755
43.07090405,64.11190781,89.79940683,18.30951484,116.9953693,-86.81829884,633.1378526
58.99599875,93.08938055,120.9207851,34.52717846,168.5472813,-117.6737034,907.3896429
53.07299521,78.15812009,115.9571806,23.69997696,160.2291275,-103.1106928,817.2772927
58.12862119,88.52989335,120.810393,25.60425906,166.5086253,-113.4719509,876.156974
56.29628842,86.05292166,102.0710147,31.56008784,162.5486777,-111.4773776,844.9322699
41.71004989,59.22462257,90.78373311,21.87068357,121.741361,-84.25477327,637.5559088
44.3981896,71.55749614,81.8099548,19.38531807,122.2696296,-90.04705298,630.7581993
57.47293605,85.33460529,112.2580732,29.38634295,164.6258334,-111.5142768,877.5341417
56.10370265,80.37682818,113.9588068,24.97459328,173.9385313,-109.9931272,879.1660192
49.79098406,77.36902531,113.5516405,28.19795623,138.9139939,-100.6111681,755.5347738
51.17327383,72.26757084,124.1159776,28.77074981,140.7368444,-98.01809841,806.9085648
62.77664896,94.30587922,129.8003593,32.98434308,183.289747,-126.0694344,956.5660219
44.08428611,66.08083418,86.88619589,23.12712624,138.1085024,-91.57522092,697.215099
55.47097381,88.63593855,114.6834872,33.01905128,164.837547,-113.9778304,876.4874647
47.97807348,74.34060138,102.1697349,23.98809572,140.2175718,-99.8711103,736.8760728
47.82318797,71.60964716,93.40170256,20.36597161,143.8244343,-96.736016,719.2977953
60.98776852,95.57048428,134.5420165,31.842306,168.9976461,-117.0406399,956.3742408
58.25416349,94.33228298,118.1188223,35.38522289,178.7201357,-119.7287077,923.9079073
58.13509636,89.99169607,119.7543943,26.0232697,177.4727693,-115.5162897,912.0561835
63.05478807,94.63394521,130.7710459,30.44300574,185.8898964,-128.7363335,972.9852711
50.21003842,68.75587646,103.3711831,26.35435732,158.6775113,-101.461313,793.698569
56.81952971,79.90372625,119.5116429,28.24805031,161.4386203,-119.6792243,862.518123
46.89733243,68.81987513,89.47389256,20.50175548,149.7152692,-94.67681778,719.5256187
53.24166352,76.81493428,102.5752148,29.98640533,160.9609399,-107.2581486,829.3292914
48.69856946,72.11299767,89.69605928,31.30940689,143.4032876,-95.23598714,753.5151187
50.96995965,76.7381891,105.0164279,26.0733742,152.7508899,-101.0467956,805.4280345
55.95157025,86.57581915,117.355696,25.26358026,166.9965926,-116.696709,856.1427196
41.81779317,62.37419586,86.8399964,16.26201501,135.2156427,-79.29879336,662.4881248
70.92387276,108.8183174,153.5691925,36.23586432,204.1581853,-141.0065334,1110.037933
39.93982619,60.23211135,79.84048024,23.28154512,113.7193246,-79.0860783,606.8566344
37.85811387,46.90983798,80.39741933,20.35456018,121.8647648,-75.75295716,581.0912724
61.58110874,87.67498613,115.5203113,30.78334284,179.9790467,-125.2332473,906.6642057
57.91662694,86.15450263,113.123556,27.19049851,180.9541454,-114.9620445,906.8763554
56.24119817,78.31332354,117.3511606,24.84410819,182.3190824,-110.5800426,902.8245221
56.28345509,87.42482629,118.510625,30.64598153,165.6360051,-119.554493,869.6905741
49.87753227,82.47005257,97.69729591,27.680081,155.0834954,-101.9101079,811.4889361
41.02745629,67.63499369,81.55371781,15.87653878,113.8528306,-83.07470045,590.8558721
50.75804558,75.06985402,90.89097494,30.14853973,158.3120031,-100.4914087,790.4168094
43.22838288,72.29620501,83.95756136,23.33640511,131.2805405,-81.68352175,691.73676
59.75119733,90.37013329,125.7350768,34.0743826,183.0378983,-122.5893579,946.359126
48.52942618,71.10870942,101.0852875,20.23832985,140.423702,-99.05069976,722.2869836
41.74502803,59.55052873,86.99471611,16.77504155,111.9464168,-85.54019251,599.7011734
46.78614158,68.66686394,93.92069898,22.94616286,144.3844413,-96.77839353,716.5097577
54.12931454,79.25308772,108.3080712,28.57301055,145.8807184,-109.6473751,791.9313798
44.36275447,67.39621282,84.10326097,27.5704597,130.5494595,-85.64230006,692.8759938
41.77779604,63.46956397,88.44739103,23.00713476,132.8628431,-87.77093407,660.6533303
52.43687211,78.67053827,107.8205548,25.49039223,158.8457982,-103.1624866,815.5759267
52.44966571,80.85918942,108.3434634,23.14572523,172.9357383,-111.7069403,833.2996702
44.93056825,73.34908374,86.17889259,26.15528584,142.992578,-92.10648848,724.1935969
45.28961694,72.68219609,75.50583345,19.75069219,130.6376637,-91.89719109,660.5304966
52.32049937,71.05625922,112.3210677,31.04565535,157.1800052,-97.94156006,830.4250238
35.51915659,40.5091292,67.68645098,16.90642434,106.1785041,-72.13752239,506.6196025
35.92536226,58.55964294,65.81129416,22.73442735,95.11867266,-80.65569841,533.0845301
42.81555779,57.38894319,90.48546796,23.44457276,120.923482,-93.6266712,614.1879284
47.86552848,70.67446571,92.98696849,23.52177777,139.1104982,-95.59493862,711.3524863
53.10907566,73.81304835,113.637706,24.99634871,143.0374629,-103.7630679,804.1277759
64.75356217,88.12044107,133.826166,31.35405745,194.6406343,-128.0053009,975.8686826
58.57659623,90.57220799,121.9381777,30.57324819,173.7372139,-116.482912,901.2140585
48.4006147,76.39669785,87.23953942,24.43177684,131.8186929,-92.15219101,721.56805
49.80983792,71.83220488,108.1032837,23.12348474,152.6632167,-101.7780407,752.1155111
39.97470635,47.00684807,81.77816643,19.49045895,125.651101,-76.36977048,609.3605746
49.81486864,71.99108072,97.04479731,25.14316541,151.2608818,-106.1577968,772.7647475
47.11341361,72.62914044,95.23054649,17.17050452,138.7476954,-97.84661855,683.3652346
53.2271856,72.44622056,94.02072458,27.98809715,164.413094,-113.6825368,769.3810858
41.72769056,63.50833545,86.31595081,17.92468161,130.6248346,-84.55476233,636.5471064
55.19346514,82.71364847,103.1813297,24.13673536,168.039624,-110.5719752,843.4364586
65.32738913,100.8875412,121.1860863,27.60166152,189.3852694,-130.1983723,978.0226234
48.91239852,73.96649962,87.16828273,19.07452176,148.9500017,-97.57726362,723.1686244
54.01711722,76.16033113,115.8230531,22.9422161,171.6151969,-111.7444478,845.6804693
56.90143992,91.33501738,109.3980361,26.32365709,165.9312873,-114.5638432,875.8596735
45.98779528,68.18904506,102.7116845,28.85367505,154.7469006,-97.96537724,789.3608597
52.24092482,78.22486453,100.7312394,24.54282338,152.517727,-99.02893374,790.7176415
50.12592401,70.52254622,88.30034231,25.59621232,150.6370281,-101.4663523,721.7263579
50.97676099,74.24873022,94.13785089,26.68982465,147.5503982,-103.9090664,747.3116413
42.26990216,58.98083967,93.19048566,21.52814664,128.5958732,-78.18404301,667.90182
50.24510174,74.50292231,99.39891624,24.89022049,136.7975317,-105.4591896,723.3331874
54.97998291,91.02851677,106.1219547,23.90411017,160.5716143,-114.4623143,826.390504
64.51143608,89.9076484,130.1429997,36.60850068,184.7973386,-133.4077535,975.9493791
59.59270826,81.3212554,122.6978957,35.21794406,179.8608316,-119.456902,938.087959
71.53182458,114.6535885,150.8854409,30.71793621,222.5510527,-141.3371226,1134.17052
42.32652437,62.44316817,94.79254335,18.09117641,132.1476226,-81.69434687,684.958859
58.72320637,84.73944586,114.9280322,28.52217216,157.1963442,-107.1584315,866.0125795
51.83342006,82.94965352,94.38450631,23.02309664,171.8368174,-112.6645699,811.319914
71.89802933,104.8189663,140.9018025,37.46691133,218.0563275,-141.3611163,1120.739739
41.91701715,72.00557429,85.65599784,18.77369197,119.5390583,-86.06255658,641.1418542
41.60278158,65.79380172,76.45925067,27.29655899,126.0653681,-85.55122375,676.326612
44.00607355,63.56955328,81.31209069,25.57468256,133.4277392,-90.4912356,658.1565967
28.76104276,53.9281052,59.92860068,15.01824347,80.94833854,-61.1571642,444.9842547
44.74244978,64.08510006,89.14433311,25.45218368,135.8106827,-82.74680023,706.5303273
42.40867338,67.32348694,85.04692574,24.52203797,122.3662419,-81.44815746,669.121618
51.50393786,78.7523697,97.69840839,24.06012647,151.2769177,-102.9150918,787.8732166
53.41755976,86.63504608,105.2223145,24.26012815,154.7624462,-101.4310565,821.6404155
68.76170839,110.9501186,131.0537848,34.61528338,194.8237549,-143.5735326,1011.77833
59.50423838,89.41637832,125.2398656,32.33702756,179.6794069,-124.3312973,935.5479124
44.23096344,62.57935581,95.70867223,22.53266292,137.3752858,-97.17379782,689.3185286
41.01585329,63.82364064,69.10839154,15.7769372,127.1666286,-84.82936473,588.5092218
54.91919172,78.99021072,103.3318074,25.05112253,171.3169772,-109.1915893,839.5178078
36.79766793,65.26343813,63.11963107,18.17691537,112.9877255,-73.18390155,561.7646133
68.31458766,103.1545581,132.0790078,33.93029702,200.681959,-136.0318077,1029.678002
61.79440121,90.86499405,123.0047366,36.81482713,192.1005145,-129.2330297,962.4629228
45.30824348,68.88576675,80.46897042,18.49615791,125.0645901,-87.40386799,658.6235967
32.86865471,42.56735062,59.28429073,17.95109508,91.40059307,-64.77879935,472.456987
63.53872374,90.45001542,120.0497459,36.2367012,182.9025707,-124.1452304,944.7787502
48.85460155,79.28397186,99.1600744,31.24165001,155.2042531,-105.2802518,803.7582507
62.37816312,90.28277328,125.2417366,29.97588929,194.6767975,-123.5103628,957.9037542
34.05572341,45.8490302,63.05928395,18.50215006,106.0656121,-72.86250778,515.3289844
44.00624977,68.69263842,89.25024565,23.71240596,140.5941882,-89.60179255,700.4849996
50.052437,81.00717627,96.2781134,25.61266369,143.1230487,-97.9674144,761.2887668
50.46980594,79.29947546,99.0380261,24.93836737,154.1981788,-100.5752375,793.3530429
45.49934529,73.22925636,102.7128552,24.05759881,135.4966404,-94.40485049,728.7253373
56.22849932,80.55877354,121.840226,20.51751141,175.4605548,-112.431906,879.9880645
39.32379571,51.87664023,69.55052275,21.70810632,117.0495933,-84.77373267,569.7072937
48.57620515,80.37097598,102.9605372,24.66663629,142.6490723,-92.55134072,776.5822635
51.20295632,75.19103528,108.0856885,24.93405347,157.9361371,-103.2270487,796.7788709
55.14438834,81.46241743,102.2509337,33.71278076,172.4425184,-105.8145769,880.4770873
57.11614878,92.31519388,119.9637411,26.53327233,166.0016848,-116.3384243,882.6303202
38.75357908,60.91151867,88.27268159,18.16756157,115.7721319,-79.60146212,608.9136602
34.65885829,54.2677263,61.45990294,23.30408905,95.50904981,-72.37446373,499.7340923
62.77676822,104.9901641,119.1310167,28.89220019,168.3458165,-122.0488407,930.9518636
53.32314012,76.76711903,113.7699105,25.01122421,161.5730974,-109.4840049,823.0224865
42.51513463,68.41190259,86.93073644,20.81649105,132.4166468,-82.45188754,675.5564061
65.51151976,98.55234526,134.8833734,35.27796332,198.6310937,-132.5528491,1012.448455
51.15674634,78.07808091,104.6976172,26.20178069,137.8737453,-110.2173459,757.4868472
61.79297184,100.3317999,126.3208151,27.01860988,182.5721201,-125.8672,953.1563349
50.67518481,78.551956,92.06506473,23.74108672,134.2787724,-106.0668025,711.6113846
70.60747925,108.6026993,148.5461824,33.48167632,222.7800466,-141.0793476,1114.53658
67.55340842,106.6926493,143.2939468,33.54504108,193.9717886,-139.8684478,1024.123093
47.51035852,69.44077413,93.41498182,25.03271023,152.5743044,-91.31681663,774.2349808
59.71570951,85.37751593,119.1270804,31.11247202,186.7140857,-119.7957225,934.1754397
56.4537595,79.45659327,102.1897665,22.89884449,162.1565557,-113.617903,802.0827008
63.68631558,85.69769042,130.9724144,35.03498075,181.9966671,-124.7490626,963.2444545
40.35076539,70.80718374,84.70593288,20.93308924,123.8552579,-76.84590305,656.0471335
56.8605146,79.77473007,113.2856921,32.58385344,163.8269515,-113.8014242,874.4048625
60.58424487,89.77009918,129.0389633,31.62471742,182.5726117,-124.2532909,956.613386
32.41260514,47.2348412,62.48666965,19.51027144,93.37519468,-71.92108874,475.695208
38.16741487,58.7881558,80.28707123,20.48334337,100.2529773,-79.07902877,554.130097
29.60767822,48.4902034,52.07770607,18.84251638,70.97929051,-61.68420543,390.2905525
47.30593166,75.26126493,94.44699825,25.21971774,143.731269,-94.1836335,732.0577314
57.17542256,82.84774664,113.1303653,28.29396554,167.0338057,-115.7314326,844.8478659
65.02357052,96.69974721,131.6242965,39.32908942,190.645993,-127.2954092,1017.752639
50.7409478,77.52432146,98.89520711,28.03758527,157.7897541,-103.9338287,794.5991572
66.28615546,98.18577755,131.6520027,34.86431099,208.2460046,-132.8004756,1031.707915
36.19898542,62.33520601,78.18030104,14.27057946,106.4165985,-67.66202106,570.9867615
32.96617561,51.90413817,62.87500155,12.61816495,96.17373716,-64.56505036,497.1105997
49.44452301,77.84117345,87.64300632,25.60040795,152.3347133,-99.12919619,769.4087959
53.84065449,84.07538808,119.9283963,27.35689084,150.6664789,-110.0890867,804.9857994
49.67305252,80.37694807,109.0162836,22.99415856,150.804382,-101.8790306,784.2990723
29.325579,44.89347629,49.60531913,15.0857376,92.39182477,-62.05361101,432.2041144
49.1087996,67.17903967,103.0455538,29.32028059,152.7682405,-100.3816267,783.5734104
36.95530499,57.43139725,70.3897866,20.56385992,95.37189336,-70.88794663,548.6331678
56.69672549,81.78830376,115.2378615,24.92533721,163.9993343,-114.2810041,833.3085695
53.66598246,77.85589028,109.3915338,26.49846475,153.9718414,-112.7310572,788.3116538
40.60120214,63.8336233,79.56154967,17.88570163,122.602702,-74.1297271,631.5320604
44.86133083,73.4834116,84.23630199,21.26756566,138.4299491,-88.44280089,680.9191937
39.40786478,59.21815506,73.9819422,18.46308539,130.1972776,-84.44350316,619.2845088
49.37320903,75.6039786,92.33307465,23.25366777,144.1599032,-100.5138138,733.7078564
59.55142321,97.83820953,113.280091,26.01030549,174.6736896,-118.6593009,914.6323981
40.14273954,61.4178752,79.81523104,19.68840572,129.6255948,-73.4671107,643.0338677
55.04046516,95.5691133,105.0706104,25.83840967,167.494011,-114.5133801,852.8409455
44.69742382,69.87368395,94.16921209,13.56036584,144.2334835,-85.49068476,692.1072025
42.07127168,54.30309372,94.55326644,27.19455191,128.5236391,-78.54459765,670.1907458
48.9296964,77.16125271,93.79902011,27.73115716,137.5321563,-100.37401,725.2706453
39.64757678,61.37715709,80.97098506,18.69488621,108.2777035,-80.40520803,594.8103786
44.46350695,73.14402419,92.42480967,22.28821062,120.9784228,-93.07225088,657.5773096
38.02122107,60.39773837,79.34645804,15.4956475,119.3600779,-76.85628671,599.6876261
69.64725133,103.7785971,139.8261895,39.9107943,218.4505286,-139.4408626,1106.943001
50.35263552,69.4074621,105.904048,30.86818384,165.8528037,-98.06667105,817.1034384
43.00274492,63.45900109,89.38123251,21.97145364,135.7530774,-81.64475596,689.6543202
52.13979911,73.95709639,95.61596126,29.14049149,165.7221059,-107.2719825,814.5255353
48.8767195,70.41246201,103.8375315,24.96422009,141.9900278,-105.6227393,719.7573045
47.790304,74.62834803,101.7916439,19.88497569,134.1195855,-95.66558713,723.9523397
56.141667,92.56202302,106.9403313,26.83536339,175.2256357,-111.1091839,880.1776501
57.5750771,88.3359733,115.415719,29.18332245,176.0666773,-114.1524835,897.5081848
44.69498852,61.06306748,94.17328,20.98385111,134.9445206,-90.69667004,684.5316889
44.24181759,68.58573973,87.01843845,21.46494896,135.8244246,-87.98462679,683.6156262
47.24948303,76.85738198,102.0098124,23.35054284,144.3339329,-88.43718682,767.8026879
26.98078835,37.42226801,70.50868417,13.24775868,91.21289994,-52.43464003,458.7769812
34.84808938,51.60204823,64.19427653,17.58082016,114.9041528,-71.18965246,552.0430169
63.66874267,95.57655499,117.6701731,28.65255614,195.3599908,-129.3382766,940.0746969
66.44967714,95.75002414,135.0260844,31.07379012,206.1154544,-133.5787637,1009.609297
47.5096396,74.50586158,100.0702167,19.90106701,146.6414192,-88.47231936,762.371851
55.76556963,83.0436137,109.9150746,30.81623146,163.607351,-112.2643421,863.7851882
53.11250155,81.76641454,116.3978277,20.23930995,165.390022,-106.3041805,824.3201699
80.78880808,116.7457512,152.2073756,43.85517507,231.2104637,-163.5068705,1197.796832
61.19574911,89.60633217,127.2419286,34.75692275,192.0183798,-117.9955648,989.7304472
48.72082409,76.69314292,93.20062243,23.45387028,136.6062887,-89.60229915,745.595886
40.44459559,58.80272763,92.92483653,12.41288653,123.6202131,-79.08673899,602.4273818
33.9355368,59.53812445,81.81868107,15.88383671,95.04537872,-67.53998198,532.3790046
52.03463636,76.05377361,98.7026766,25.8247657,160.5310209,-103.9221414,796.7163087
42.43649255,64.77816245,81.02608514,18.18645161,127.0380758,-94.41021225,630.0889872
35.7774629,58.32914852,77.57204102,16.34307627,94.57434105,-68.57432235,563.1418162
43.53427116,58.20957807,84.35862777,26.35772118,133.9684105,-86.53187665,673.050937
39.18451996,49.97273589,78.0511614,21.58704147,112.9301937,-76.65567173,568.7969186
66.87141635,92.67884295,133.9205516,30.66201583,207.6634228,-136.5886815,1023.031837
58.81639757,94.53751687,104.195083,24.61540128,176.4597982,-119.1706227,894.3317851
49.92027359,72.12111965,99.74368295,23.97908484,152.9241886,-101.4846469,766.194361
64.79944139,109.9901585,124.7707884,31.75935036,186.7377725,-125.5123908,993.4679585
50.77368308,73.33928662,98.0955064,26.8754391,147.6063914,-103.0624055,770.6264704
41.38715799,63.0034935,92.87974,19.08762886,120.4923649,-74.44367468,662.0058694
65.23124077,105.5574109,121.6669333,34.15011911,202.5473422,-128.7390319,1021.367832
55.38910044,93.1141151,116.4706372,33.50001234,179.586318,-115.8809315,927.1849992
39.62753846,69.74882557,77.3023364,22.2602723,112.4412414,-79.76926209,628.2332138
48.09661322,78.18675098,94.23490526,23.90404109,152.9046248,-98.79992693,778.06503
41.24381747,66.98603883,88.0202382,20.07245732,106.3740331,-91.26516481,592.188373
36.17200269,57.22063878,74.72436444,17.01598194,98.96249286,-65.94612162,547.3861996
59.26177548,92.78446859,122.5178419,33.17281048,170.1150988,-115.7109808,935.1919532
69.0941664,100.885321,144.9656254,32.66514286,196.4624297,-136.0555035,1027.745737
36.01432426,49.93049198,69.70948984,18.14283026,95.37426567,-71.36703388,517.2718026
55.62969237,83.42766626,106.9737276,27.96843989,170.1930684,-116.787455,835.3049988
43.49357431,64.38943835,79.39109493,20.24143458,128.7681813,-88.92161718,655.0794252
45.12874616,65.426979,84.47961861,18.44697644,138.4214817,-86.89036923,680.4998843
44.07606076,69.59602837,108.7957825,23.00695389,137.7519638,-92.35700163,738.533974
41.3600923,66.8166645,91.43294167,20.49703424,126.2052129,-92.84726187,651.0163018
50.48521628,76.16985885,91.512912,26.74332955,156.7177542,-101.8788566,767.9601809
41.69049884,69.92339866,74.12379197,19.2444485,124.5152382,-83.94802789,649.9557488
52.70456826,73.34840682,108.7821989,30.01474803,148.6177577,-104.8668828,809.0290869
49.49761891,73.27813106,102.8260914,22.11848811,156.9553702,-96.08116324,793.4065357
47.61051953,67.83166769,99.06322591,28.94138062,138.1186615,-92.67061581,732.3980609
40.92436338,52.05386198,80.0640362,15.21927216,115.2883197,-80.81364754,573.2551425
44.23228669,65.93502661,87.58639357,23.42045354,131.2735171,-83.68244784,689.4498097
57.55391226,85.72213085,117.4029812,30.20324818,165.3592494,-121.1837036,856.60448
55.00917188,90.08100653,110.6195948,25.11791473,161.6880726,-108.0000165,868.2254544
40.22444755,63.49072975,64.91379249,21.38540559,123.425774,-77.94274165,619.11692
50.99332305,71.36905046,100.3780487,29.33521754,155.7667031,-106.9448953,755.1665846
57.51387123,95.54126968,109.0678974,22.1064791,165.3589732,-121.0392249,849.979694
33.30594719,56.06408926,67.83837431,18.16120802,96.01619858,-69.59566288,512.8798821
55.43360192,86.0608914,131.7640169,20.2369885,174.8954698,-113.5133696,884.378525
43.37376241,63.92822312,89.31989648,18.78988679,134.0924882,-83.73384697,672.5251032
55.70598669,78.76178385,109.2172656,32.74049244,183.7184804,-113.8701285,904.7953239
42.36740843,61.69007877,91.18742738,19.43835812,136.5432507,-88.16021094,681.8126315
31.95117899,53.37051159,67.2811732,12.4539496,105.0078815,-66.34889293,518.7515759
33.72457562,60.00979496,70.38981268,16.26847462,90.07077846,-62.97462191,517.7375501
50.48084947,83.43749184,105.2096531,31.44414375,157.5534312,-100.9095254,832.7783526
52.59722502,76.45159042,119.590255,20.80356577,157.3668206,-105.9114541,808.060591
40.95683375,55.83716346,73.99744845,17.32448714,118.4626468,-82.35368949,578.3669716
56.38592459,85.28331812,116.0872737,32.68525734,170.5018965,-107.6036078,906.6545508
33.38479938,41.23500224,60.28493084,22.26550672,107.7160904,-69.76628566,521.5444535
49.33920201,75.62464159,102.5669926,24.35930733,152.0242588,-93.41637086,802.8500938
37.889838,56.09674407,69.34887042,15.22776089,106.6417236,-74.93769081,557.7293918
43.48163892,62.89227587,84.04171015,28.02834997,136.3845881,-87.60495537,686.2745239
50.47398671,67.73746473,98.88234403,30.02032053,146.3212598,-90.94437143,786.0616186
41.39586635,64.66180005,89.62244973,22.73477414,125.921064,-87.01429065,646.2124655
46.15444456,66.56816264,98.73807022,20.64001523,136.0365331,-93.72363215,706.1293705
60.06292809,84.24480796,111.4058345,29.88437602,178.4378543,-125.0555811,881.3316558
44.2310813,51.98531089,88.84670139,21.63446041,138.8231877,-84.65231473,663.5196509
58.35692112,87.39780716,111.7467833,30.17101447,166.7492136,-109.9570865,888.1072488
38.70293145,66.91565516,68.59632853,23.70447004,131.670355,-70.72617178,637.774046
55.29804178,91.25335874,109.0769642,30.28727201,151.3254368,-105.7002885,828.7194638
64.41568621,94.33804803,126.6719929,28.97571487,188.4657172,-129.6218543,959.3440112
25.283555,34.9142722,67.5541254,16.77126685,78.81236012,-52.02807391,426.812538
42.03104745,65.39044245,87.09281367,21.95492014,130.7676557,-90.74677398,655.2908139
55.77072127,78.66415471,101.89812,29.94655802,166.5083581,-103.3979484,837.4582737
47.96954614,73.46327871,91.98567425,28.38439565,143.4495128,-94.06317997,743.0675799
53.71145873,84.39758949,114.5726005,23.52098862,164.4187769,-109.3907451,844.1185749
43.96014813,72.07488832,102.5393957,21.87259733,130.0318886,-82.60806871,721.6202701
50.86589787,75.79807643,90.62991256,23.83858528,163.7431437,-105.6228538,781.5948602
48.44322765,71.64647272,83.7269846,19.51803555,152.0444759,-95.25996716,741.4220261
61.67782062,88.12681799,136.4523975,31.87904024,192.0160567,-124.0461578,984.0116633
52.54420843,74.68191088,107.8157161,33.80677387,149.9033715,-102.5337083,805.4077486
53.37602662,78.93164547,100.6740041,21.16778008,159.4929725,-107.0063474,789.1977292
45.88123034,70.65867304,95.50486428,22.84377334,135.2399634,-97.56617224,685.0830208
45.12393776,72.25382977,71.79764135,24.48359768,127.3270023,-89.94557003,661.4847554
45.67441812,64.49573243,91.37246479,23.20644367,139.9045678,-87.15337968,722.3735079
53.94452142,88.38022498,110.1837911,26.63287655,157.5323982,-108.0059085,843.986113
45.79015519,67.32961478,98.05020136,18.99742851,142.6136962,-88.4798499,733.1780419
52.89774857,79.23978638,98.69822547,27.14723451,150.1317132,-109.9776151,773.9003322
70.75400799,102.3949536,142.1078261,33.10671206,226.0143489,-141.6130591,1123.881178
58.71124703,75.94566925,110.9445217,22.7858584,168.9630798,-119.9205359,826.1283771
46.73976468,74.529874,95.26721565,26.953659,141.9737127,-90.491606,766.545849
62.01213922,96.70242832,117.7568542,33.88122707,192.3712921,-123.8983122,977.425077
45.91924627,67.47223162,88.98178667,23.11460607,133.1926154,-89.07819783,701.1510426
29.61875465,44.76308556,52.26680153,15.49660139,95.67601309,-54.88666759,488.0363509
39.91913689,62.45840142,84.39622747,23.18252248,109.9239419,-77.07179948,614.8815984
31.29208079,39.1253919,68.5933194,16.31905937,105.493184,-61.49168784,510.4980758
46.48486516,67.08203435,91.32738633,25.95448524,139.5677896,-96.96257935,722.23353
50.18418379,79.24759909,100.6360335,24.19964529,145.7812601,-100.379512,765.2249165
66.76437312,93.87511257,123.3886063,37.31813778,197.8996652,-135.6611079,989.1952865
53.26927374,81.37170027,104.4408109,27.59699405,166.2791754,-107.9148033,858.1540571
47.80899471,64.93058304,95.2665571,24.48665319,138.7513418,-97.11612603,704.8286232
58.29405581,89.77323363,134.9336633,25.33684464,168.8873059,-120.5078139,898.0254796
27.88864691,41.65476295,47.99352464,14.80519102,81.89364795,-63.60664818,413.0721934
52.35614558,70.45855929,114.9615318,23.68220804,147.6527398,-107.3848634,763.5847793
57.70865194,92.38667468,122.3953153,26.93947779,187.6903071,-114.6437861,932.8076371
35.21413754,49.14824843,72.39272992,15.16094189,101.1112559,-75.82098327,512.0627104
61.43754043,88.10504846,135.1854243,27.52006542,190.9655556,-122.8123519,945.7194828
53.38496407,81.0802921,109.3746665,33.06679625,161.8306529,-99.16885445,862.1564624
45.84712086,74.51386804,94.41835609,26.91757762,129.6650902,-87.6020155,723.7259707
56.32781866,79.4126189,112.2837928,33.92501184,168.9358183,-106.0814713,883.0306156
72.70692858,109.3687921,153.9788393,32.68477923,224.392808,-143.8493456,1125.206584
51.81866255,79.87207633,111.3126097,26.12309253,153.949897,-98.96728581,835.0324026
52.48220586,82.18883683,100.5846707,22.36058006,166.9915212,-107.8602706,816.6309406
45.406391,68.99179428,81.57805165,20.61611087,144.3912962,-93.39014308,711.0120667
41.50155631,60.41719526,81.58224815,17.9963972,131.8559878,-93.95967344,621.1153743
58.30335817,83.31708614,111.0064464,32.8704311,171.2328203,-111.8621344,882.8986568
41.43916174,62.58946203,82.43365146,19.53089184,115.6787456,-76.71702756,626.9767474
50.71566237,70.7127985,110.0933917,28.56296919,147.2382863,-103.6440337,774.4958253
45.22342553,53.22838588,87.24573948,24.42407543,137.2402041,-91.46265789,658.1814209
54.78979826,84.36749641,109.2798328,34.30581539,168.7356885,-112.595045,888.5973641
53.33662105,84.52460578,107.0794012,22.22997786,142.6372919,-105.1426279,770.8185286
60.37539944,78.74843699,126.6898151,33.96539944,181.0612927,-116.2510687,915.9280369
44.89983601,62.30110049,74.07144669,25.88924062,135.9642218,-96.77075992,671.9812842
47.30125065,74.04764728,90.35559923,20.73048881,139.6833979,-92.96474717,711.8541321
40.21236284,70.60602161,81.90371153,23.12758143,130.9672792,-81.53141277,668.8832224
45.5570674,68.43956964,99.51468749,23.78696859,140.0454428,-90.66055723,709.011074
53.77300493,77.01949269,104.1026927,26.20407369,171.8005501,-105.7100339,860.5299943
57.56988617,85.44034704,102.0039034,26.31313662,170.9819743,-115.8925821,839.0589859
40.77834676,68.04190223,85.89467364,18.23184502,129.8348602,-81.97104093,660.3585087
58.6960592,84.81426791,112.9445817,35.49746589,189.1687088,-118.2476191,949.5243036
63.55637859,91.33860785,118.7850906,31.78023775,201.1626834,-123.2314924,995.7282706
54.13434903,78.78780594,103.8982803,29.41356452,153.6659143,-106.5936582,809.90078
68.76795813,98.38529415,136.2442387,32.01128092,204.2744658,-136.6535821,1019.93568
42.26210801,64.00651359,80.29100337,18.79149517,124.0250064,-89.6080229,614.5432761
37.55345297,64.45357174,59.66794353,22.02268091,116.5743952,-76.62122491,590.0866999
32.21279751,49.93459263,70.7050584,12.05767012,102.129221,-60.83091838,508.9066319
64.96044311,96.17889716,138.8450115,31.23458025,188.170188,-129.7700999,993.0437094
56.54365656,83.3564285,117.6479671,28.37391051,170.1736778,-110.4491872,887.9242569
49.44415329,66.35027589,90.92450689,25.05619445,132.1730412,-91.82225938,716.8100736
52.79968626,83.61507828,104.1889318,25.86256328,169.9346188,-101.4449482,842.2738358
38.74510953,57.72847831,77.44456985,20.56001411,112.1363347,-77.1175857,611.7799347
74.4575198,110.7838801,153.1066003,39.30732717,223.8194709,-150.9589963,1162.476999
51.29221182,92.90385557,107.2628071,27.85001855,151.3994377,-112.798622,810.8647578
51.09394795,78.13468646,97.0486793,22.58956255,162.4500644,-102.8614356,805.8568142
57.25766624,82.12754411,115.0893014,27.77636783,149.0729472,-115.8193825,837.110366
54.81009232,80.0833505,112.8211475,30.98933474,164.2973942,-108.0587199,843.4573845
52.23884024,84.10048891,114.6684367,28.80336168,155.8699707,-105.0933014,833.8234367
42.09525545,63.70923522,89.12205667,16.92904937,122.6566752,-85.47205113,609.2774048
54.71468357,74.88063547,114.952764,28.41178149,177.9538631,-116.5469629,863.3111355
68.82024496,107.8265121,138.2272763,28.47544673,199.3620992,-141.4003612,1031.239799
63.45420046,91.84058026,136.7816149,31.86790494,196.5369708,-125.0017968,1004.221671
65.93186627,108.2642883,134.7320721,38.65923418,200.6456211,-125.000102,1068.400386
44.88784324,72.73200518,83.7480711,19.60024347,144.7556837,-90.16578801,688.5338661
40.1039518,57.91931822,90.03149339,17.54900676,114.9743427,-78.8966593,613.1059109
48.7421308,79.51827801,102.3695845,26.66315474,140.3626412,-93.67434897,784.3960399
50.55724912,76.17515124,98.0131901,20.65022002,160.4403066,-104.358074,770.895793
60.94191518,95.67674115,118.5273796,28.5726925,186.228316,-120.4165742,951.8518457
33.0753537,52.03669464,68.22673622,18.32700026,86.86656234,-69.11266783,470.7780698
65.29550319,93.71147152,133.8333,30.74489405,191.5720695,-127.1317086,996.2548167
48.41992101,69.41213236,98.22088789,23.50205055,148.3508243,-96.23422984,744.0630562
45.7311893,73.74658804,93.64153932,25.09815178,143.8956817,-90.26857135,735.8062939
39.87895625,58.14455771,91.65761412,21.20411637,114.2030235,-82.88830688,605.6086807
33.45143328,48.15890761,74.40366863,17.52617183,77.04025193,-64.07473712,467.6375539
58.23170584,82.57194586,117.7978608,28.09848608,178.880903,-108.12456,915.4653472
50.73317967,78.21776484,108.0555334,26.47677318,142.4369735,-105.4980061,753.9562587
37.100391,65.9632111,66.97311468,18.17899746,95.16246262,-75.55981804,533.2519814
37.04921228,50.23615385,76.88391391,19.89802297,88.48902944,-73.17199466,512.787362
46.64215301,70.08432679,105.9494505,21.83028043,146.4383059,-90.13868117,744.008029
66.69021525,107.0964257,131.8541092,32.7974007,201.0995854,-135.6186156,1053.729186
47.40408649,70.70792277,88.87473547,20.73216987,140.4070084,-106.1402941,677.9708411
34.96857047,54.71471468,65.37251872,17.3792624,116.0179063,-64.50038296,566.7499838
47.54256936,66.0018864,87.45770746,21.33828209,147.7263055,-92.04311424,711.2305364
47.2727643,73.05068194,89.05219525,20.2942428,154.7486932,-101.5173187,751.7788027
23.03113357,33.61097903,43.46871045,12.29155023,57.95151693,-48.49254231,324.5454772
49.45705133,79.11422698,89.07513354,25.36674499,148.094749,-92.64137295,759.8860757
47.6906547,77.4729123,95.49063773,26.19394855,130.1382571,-89.59012372,742.6719813
56.96206365,98.39091368,120.2400675,27.18765512,169.0511323,-110.1695672,912.8827453
68.48956095,105.6325073,130.6248286,35.46893902,203.479756,-137.6835716,1051.008814
61.2656503,93.52745703,133.1662881,32.28521786,188.80986,-122.1993509,977.3436471
47.31111309,71.93859115,98.19777081,24.98987797,142.2978503,-95.14592941,732.3757178
38.93474091,56.6362799,85.08354592,16.99040941,121.7914798,-73.35652269,623.4226903
75.73359803,115.2928163,146.8623542,38.31488946,232.8283152,-154.9705657,1166.431122
50.59218434,74.41126946,107.1660453,26.38851306,169.0159824,-104.4075673,843.8797746
50.13929292,76.05124426,92.63504854,25.09118186,147.8955055,-96.23748749,750.7041538
49.75874913,81.22611137,105.7492308,18.61994159,141.7480658,-99.69494408,766.251723
51.98084761,72.93855859,105.1645706,26.47189268,157.9112117,-98.44782579,807.421796
48.55639588,78.53398663,100.9855503,30.91579106,139.2509474,-99.79884059,766.9995682
44.26337993,72.98064523,80.29759762,21.05157216,144.6458259,-88.7458733,716.8194937
44.53141059,66.20677325,82.79733228,20.081474,131.3284875,-92.75247311,650.0438833
49.6724673,63.89942645,103.5255321,25.95627933,144.492791,-99.31548387,750.7524485
44.56575229,63.8095185,82.49306855,23.22001078,129.9267311,-95.04569233,625.9408243
42.87154217,70.79228599,88.98552839,25.01397658,134.3619659,-87.69361803,692.44747
51.06430228,76.4821131,92.55863991,21.75854667,151.930931,-107.87362,737.7492185
47.45022783,66.17883058,100.8376751,25.91925467,137.2173489,-92.12476272,715.8565885
65.03992989,95.03602022,121.4521966,34.29123113,208.442605,-127.2135024,1025.256408
23.49030192,39.43855301,50.8467034,11.31871135,63.62154702,-53.90165475,348.9528915
60.91506852,94.10627062,126.2095536,31.47359621,183.0297341,-116.4945941,970.5186004
62.46085192,92.49661739,120.0443011,34.31879841,192.601005,-114.9320433,994.8930914
29.26609768,42.06502445,62.60638132,17.24999498,74.74761214,-58.3481698,422.0393866
46.57312406,67.90089534,94.96934396,19.85750409,143.5614562,-95.71070516,714.4353507
46.28559134,64.81633609,88.79928969,25.60327023,130.4159126,-81.27386032,705.7734727
35.92488305,61.96420303,64.78988332,17.76837571,114.3569114,-77.1256401,574.5445784
42.22183312,61.72114734,70.70528641,21.32953886,118.9642913,-84.36324038,615.7024359
38.89424155,64.42715492,80.23603342,19.66671175,122.2248769,-77.069994,630.9264286
67.52270443,108.8906369,124.0917895,33.31062325,211.4147778,-129.6648184,1060.109387
59.35678393,94.02673039,119.3809773,33.25351446,184.961844,-117.274612,949.0934127
62.71555095,91.91522486,123.5869644,31.1066216,190.157186,-127.4256375,953.9218889
57.21672064,87.84373141,119.1874407,25.24972194,169.7997544,-118.2381788,867.6026731
38.70948229,57.9432454,75.30464608,18.17415158,111.5170903,-78.78625186,577.8618204
44.75479734,62.6136867,87.20346017,22.91348282,146.0326695,-93.53730412,707.6584718
54.89374561,83.96241483,114.9105862,31.13451716,159.0852751,-109.5961899,853.1981017
37.77872191,50.77288391,77.90285003,20.69864501,105.0396371,-77.81422854,554.3055949
57.1299843,91.63337339,116.4730603,26.01338631,176.7129044,-120.2361198,891.3267418
47.59674602,69.07203254,98.47836517,31.25394276,136.4211436,-90.17290888,743.5929951
46.25179192,70.38348617,81.75457899,23.9202219,131.1548678,-94.49427394,668.710228
57.10959968,87.08083888,119.5167201,32.38097206,159.7799649,-119.2917466,846.1884624
54.44263311,80.3694248,113.1725478,26.76617326,159.4646206,-109.5583028,823.0718365
46.39033834,72.51897652,85.66389478,24.79524691,138.5092948,-92.50719042,717.9726382
61.59329803,90.01542877,121.4780328,33.31505453,186.7246279,-130.172463,934.0382845
39.18936672,63.14053657,78.10358243,23.2492675,125.1785501,-77.05214278,641.8161641
56.15935607,77.5091357,111.3772346,31.25178295,172.6932516,-116.5073424,867.161122
55.93101258,84.52841677,114.1990449,30.58209729,166.26606,-105.0179099,887.6655502
46.90453561,80.05144841,103.8286387,22.50700761,139.1280414,-91.71322917,742.9259826
53.26133022,74.89033871,114.0950275,24.91542699,163.8652504,-108.1222604,833.7284715
37.48886424,52.8445715,65.79219412,19.74225465,122.647154,-77.95839955,591.1259218
59.24027019,91.42994454,122.8350303,32.41951931,178.7313242,-118.9004112,922.8411449
48.15097864,73.12437686,105.6044905,23.40732722,140.6998891,-93.8507943,742.0613099
44.77276979,68.91230519,92.25319923,25.58190079,126.3753814,-89.6475161,698.5250221
60.49009226,93.18107404,128.6170475,34.60289637,169.9086347,-121.8488197,929.0319533
42.95656309,67.60845198,99.99901931,18.72931879,134.1998467,-85.67964503,672.3081178
35.91538704,59.42157976,78.9967409,15.44693141,112.3699893,-74.2462098,560.6255938
34.43370826,53.69965568,70.6125767,16.79572896,107.920033,-70.24024024,542.3141501
56.06009951,82.883861,119.4358183,28.95288776,167.151023,-120.4633688,845.433578
37.19570648,59.15642822,75.40562778,17.0241522,122.8425974,-70.49650803,607.3551219
67.54794182,110.8213224,135.2632049,37.83057895,198.7708775,-133.9006925,1064.450866
29.18070592,43.10789015,55.90151219,15.86255355,95.18427166,-61.45523522,476.3423347
66.96456368,95.574199,144.8730209,33.60062299,200.5837479,-126.3341874,1048.271346
52.11017467,83.70066535,98.49134868,21.74735876,151.4637179,-103.8722834,791.2357313
49.03286888,72.9473975,108.7923118,20.56898699,151.8388491,-102.2103121,776.8278619
44.55080913,55.96286597,92.60066713,23.11843232,136.9295163,-85.67466858,700.8377502
53.99136114,85.2241501,98.18757906,20.59789369,164.8298655,-106.3905294,818.9080512
49.62365298,71.75883853,101.820851,27.84973872,149.5211863,-97.66898601,756.6586811
61.03301882,91.09686182,107.3658521,30.04204788,182.7959118,-123.7690601,916.3144407
51.14227649,78.37331638,106.6631091,35.30041715,172.5338054,-100.4825701,888.16154
51.50301761,78.20702482,109.2026556,32.67525756,163.983106,-104.0530684,846.107447
46.36387788,73.0930759,88.58126407,22.63759173,144.8742488,-90.50398995,749.1506134
49.43054376,71.96838379,99.7259214,24.39626087,149.1860246,-106.4808653,754.3344467
53.07801769,82.18255552,119.8351374,29.52575339,167.2913107,-107.8915292,874.7134059
32.89831607,48.04974072,62.25640522,21.55867587,102.8389064,-58.90801176,547.6800332
36.51814578,58.47127107,65.62393845,13.34498572,109.7640754,-76.10456138,542.2416665
57.43264094,89.22579883,125.2369257,23.35719407,169.8694082,-117.2806351,854.7494046
51.70865438,72.88578806,117.1554191,23.98822277,154.4786244,-105.2091541,792.1326848
48.16016664,77.67016054,96.34620298,25.82829607,119.117094,-101.1795578,697.6263915
50.18433933,72.59669177,107.4489199,26.58279044,152.2378247,-109.2018018,762.8078972
53.47581705,84.25401457,116.3419655,29.94722289,156.5196425,-107.8739797,841.6571321
44.6024032,68.74004136,84.00741677,18.70210901,146.5485696,-88.6613687,694.3397448
42.21695275,72.5163475,81.03676464,14.16004478,126.8056108,-84.64392577,660.4299739
51.95845255,76.82034891,112.5330267,28.55326886,146.3636503,-104.4964193,810.5643501
40.21627222,58.57782436,92.2276444,17.62354729,120.2497754,-80.26038096,616.54991
54.08252756,81.02669331,112.1052211,20.98580019,153.878614,-104.0736892,808.3356035
32.97416396,47.94534702,59.78962744,16.92227322,102.7097512,-66.71011266,498.1298454
60.29155637,94.43704407,134.4925405,32.52530525,183.202248,-122.8794431,972.3271092
54.72597482,74.00740919,105.7351534,26.99681602,171.8406415,-110.5764516,842.1727175
52.56029734,73.57203392,102.7746302,24.90660351,151.3538377,-102.8032076,787.7228893
59.82690984,84.40135015,122.0501845,29.43536822,179.7527943,-114.0057122,926.9826094
66.65474444,104.7336546,144.1886118,32.21562394,189.044059,-135.8220638,1046.500571
60.14370065,98.76861784,126.2652331,26.02770899,186.0430602,-119.8916662,944.6164287
31.59125769,46.86464044,66.08657388,13.65158681,98.9247425,-61.82908561,479.0924015
37.20423033,54.96223688,77.65148038,20.16595488,115.5791312,-78.37877269,579.6516154
43.75181422,65.97798215,87.80823113,22.84094274,131.2683949,-87.42195978,662.3299731
50.2609105,81.20075727,104.4287976,25.63463467,154.1009146,-106.3845164,775.8277913
55.1765902,78.12811964,92.64625987,24.60284966,178.3644835,-117.4293816,814.2657141
42.74256187,65.30568772,83.40887152,20.82677145,125.9469315,-84.01813811,643.5880358
51.86766764,82.67748962,105.4245888,19.40263868,156.7121644,-105.2708343,781.9171774
42.44617068,66.17472686,76.83524277,21.75851533,118.6495016,-84.08321972,633.1186947
43.88482197,66.77514104,90.47390716,26.22898411,124.7083782,-87.84122385,672.082235
35.93338903,58.90531401,70.43547952,13.54429812,108.5826734,-75.77237826,541.1015548
40.76766754,47.63533984,93.82366497,18.62605075,131.134471,-81.71635229,644.6440706
36.48315394,58.11410751,83.97744596,19.22889731,107.3992152,-77.89871311,566.4308209
40.24126747,57.09152279,77.22189596,23.87916164,118.8364702,-74.91864551,622.2105988
60.53641797,81.65146246,120.016972,28.92353513,178.3541719,-126.4967173,894.0935987
40.50601111,63.31502967,80.49438926,18.17625457,117.23998,-81.79516331,590.3774293
76.32382065,121.3540237,149.486025,32.2551409,231.3312336,-156.8167276,1141.206709
54.93317901,81.71252594,111.2315329,27.77690389,152.8214759,-107.5846733,825.1982299
51.84836124,82.53691459,98.38874799,32.05040874,165.7926003,-105.022448,846.5628596
41.4164222,70.18602459,74.91853705,21.54028648,118.9258882,-84.90751127,648.1598046
57.00309879,92.07922046,118.3651762,28.43471246,176.7845243,-110.5933914,919.4968926
44.24362174,74.56525525,92.89395056,23.0880578,122.5708764,-88.36952111,690.269547
51.22009815,80.54078468,96.80998598,25.57677306,159.0110155,-100.3736185,802.807559
75.60084538,113.7784363,157.4691788,35.36137957,232.178093,-155.1269945,1176.437076
49.039401,65.54927244,93.6577579,26.98954025,150.1918196,-103.6980698,754.2069983
61.49273326,91.00878745,124.7576232,31.4236512,176.5227716,-122.5566347,908.8609548
42.96823575,60.23612065,91.67887959,21.53695763,130.9010928,-87.21185692,668.8819286
49.6501151,85.32988623,99.06494224,21.89895947,139.4858958,-96.7944915,779.3950467
67.70800636,100.6825805,138.5991991,37.76452697,201.101913,-135.7356465,1054.640527
43.73032942,66.21151817,83.84565134,23.85927295,139.4262931,-86.64035749,713.8094687
68.12448558,104.9441553,134.8737051,32.40348028,210.7470722,-142.7425013,1045.546308
57.07751935,85.83429126,112.7140227,31.54423424,171.3540216,-106.601291,899.8646521
44.37533224,75.03825356,83.52461606,20.69495361,125.3275441,-89.40763242,667.6699899
56.32407739,81.37286928,111.4107356,25.81602822,174.1369339,-109.8578069,848.0286077
59.7255445,90.56135402,108.6107609,27.5836629,179.3316834,-122.7954557,881.307626
56.21809962,80.6147965,108.998123,22.79584415,150.0917741,-111.2041596,782.0799055
34.2977528,44.84651665,66.60137715,18.56350354,109.154297,-73.80688466,530.7306318
42.72862824,61.03409691,83.66399822,15.87087949,127.9920221,-83.64898513,644.2247555
47.52481364,71.10203648,93.35914517,20.07707533,152.1940509,-96.47352363,742.6464205
49.25566571,71.73698744,98.07898202,18.40106883,139.004833,-98.3945694,721.4612037
56.20672098,80.84797656,115.7695326,27.84515141,143.2065324,-109.6215458,802.7686446
51.77701001,70.6339277,109.6756395,25.43754362,157.5637009,-108.4841813,799.8590283
36.64655641,54.55430676,68.74475624,17.34318957,112.2721787,-76.03107975,554.7539297
53.80197851,73.17936589,99.18155103,23.77325617,147.8805625,-105.7746599,761.5443998
56.10585745,87.959066,104.917404,24.53622747,160.489576,-103.818829,843.0204717
55.59790448,83.80905548,107.7853885,29.19206183,188.8354554,-111.7481383,917.0504915
60.80780726,83.92395339,119.1521653,28.75224783,179.9785369,-119.25107,907.1465551
58.33922155,85.96278693,111.2884706,30.11868574,180.8653364,-117.106329,913.7074859
54.59180079,78.12691916,100.1107849,24.64015434,158.5701238,-101.4146192,801.2651853
49.29834289,75.54338688,95.40383998,25.19235967,131.1726055,-105.5855724,693.851305
33.39039066,56.78783823,68.05076767,20.60502944,98.80910602,-66.40229715,545.4013767
54.29618219,72.06841094,112.7575706,28.9065885,160.7637101,-115.0945405,811.0313323
52.07687687,78.6904457,100.2517924,24.80119698,153.0316047,-114.18004,762.985704
52.71578837,78.27301858,102.540592,27.1294911,157.2302384,-104.2417285,816.949614
37.23251424,59.20547174,67.97814032,17.8942616,113.8116889,-73.9070373,568.4149367
39.1894346,59.85013504,78.158795,19.61835785,116.3673682,-79.51821694,598.3348919
60.53152853,87.03744614,115.1240566,29.28893111,171.4825363,-121.4878334,900.7744047
49.60444846,72.81140301,103.2207916,24.30921861,152.7028237,-86.81569919,812.6796674
56.81500697,81.24238118,101.1289485,29.04378355,154.8500469,-114.6627145,825.0257768
50.28318376,80.80481133,98.04895982,22.16151578,134.4466916,-98.52587008,732.2492499
50.29756139,75.55290034,102.7028742,22.10114422,156.8061281,-103.1925821,791.2294918
59.38283806,98.58021052,120.0525177,25.52579137,182.2046764,-117.5847458,925.7175441
44.83955272,66.95602501,108.5303411,17.61896305,134.0594952,-90.63204014,691.8646987
50.96120777,72.89977782,104.3710157,21.82875581,141.7200353,-103.5644895,716.0666263
45.37724711,60.49729871,83.72611205,23.16701108,130.4684538,-83.4789001,690.2315835
45.65503773,59.46685821,90.64182572,20.14915632,134.8631392,-86.6013356,670.5997203
46.90827877,62.44173843,81.3828332,24.99498278,127.9576845,-93.26957094,660.3194479
52.22133772,79.66763983,103.8784772,26.2148101,150.7517839,-113.6595232,765.8718512
45.21251378,70.36239579,84.59363517,16.70074425,140.8561841,-91.86906446,692.2953288
62.55756126,85.93038837,131.5228544,33.24370738,199.0911267,-114.3030123,1007.332484
41.05392698,66.05608204,78.26107203,22.95935943,119.8063029,-83.03050062,619.6102456
48.13128356,69.78162008,95.44520571,21.08405375,150.4457575,-91.84969683,753.7099093
45.60268942,69.13799919,86.75647394,24.06191934,121.4955877,-85.43760923,658.6211973
64.46977884,104.7657714,141.1115172,29.66539471,198.6849465,-128.063702,1025.897763
51.96554777,82.43251823,101.6823962,26.27578501,149.465056,-107.2983821,763.5348379
60.31844539,89.13501485,133.4647901,26.36572748,183.4141011,-130.3781401,908.4531983
35.14439627,48.26063328,75.98785487,12.19287878,103.4511695,-67.5521397,526.4786342
52.67050266,68.24667698,108.7154724,25.18679976,168.5748201,-108.6000293,792.1206095
58.89630796,84.74869534,120.3737479,29.07696714,169.6934387,-117.0880141,871.5378599
50.82283989,75.17860864,104.4022609,24.21838087,157.4893701,-106.6449611,784.6459167
60.65480375,86.04630799,107.8158994,26.7753102,179.7283515,-122.3705577,880.3794169
44.8271155,66.58438841,87.70204724,21.21386056,133.2149027,-89.51935478,699.4946758
64.0934744,96.52447102,134.1030546,32.85462146,190.8095921,-127.1125745,1015.701597
72.98898124,108.3591919,145.6356822,36.35981153,212.2015589,-150.4372512,1087.244887
46.3716144,66.30740869,82.90689986,23.73331029,139.0020515,-87.955585,708.4180075
45.54497479,69.16073554,90.72311842,20.76214179,136.1337386,-93.47752871,698.4400936
64.53384477,99.0104704,140.9964282,35.78207613,195.5314563,-135.7655674,1013.473021
65.79572146,93.2415868,140.3196849,29.36934072,198.0632055,-132.0275366,990.8066416
44.77139973,74.21176149,89.10877139,23.84838076,140.6981556,-89.40529822,723.4102889
45.79813183,68.20425708,98.2564086,26.44473919,144.7824644,-90.95390593,742.8305456
47.18215391,70.86747898,91.79875868,25.03380123,133.1414752,-88.91577821,711.7107575
36.55549489,58.37431445,61.18388867,17.67017476,116.6166647,-74.05678513,570.4195829
40.81348054,62.38630146,75.15569915,18.82184913,112.9497502,-82.10543957,584.3029094
39.95859233,64.70357167,90.85740604,23.08755912,124.5786241,-84.32992219,642.9230239
42.32202435,64.91865735,82.72609713,16.8920874,131.9239833,-81.36183469,658.3403056
49.65315113,71.41753982,97.6026144,21.91620278,133.6689182,-98.569066,714.2078918
52.34214733,80.32073861,102.5854273,24.97840037,157.7702759,-106.3644056,790.026719
65.50500493,92.53887636,144.338966,36.46546374,192.7670459,-138.6287086,1014.669458
40.01645959,60.56748792,91.41463159,21.1475327,113.9792567,-74.25527041,615.3492034
59.84322398,89.59868602,135.2179096,27.01747472,190.3364906,-124.5971678,948.2347464
47.86011156,70.74958305,94.60690664,22.99913266,138.3509015,-98.08533515,710.5909355
49.5053629,73.6153568,101.0800972,22.90971202,142.0650733,-97.57734776,738.7626672
56.74819492,75.71304716,102.879892,26.24473048,170.8501443,-118.2826216,820.0389406
38.77277978,55.41554514,87.88410055,22.32305857,121.8030573,-83.51959868,637.6006464
53.82409746,81.2003707,99.47373806,22.79681934,160.3391037,-116.1439853,778.5779413
51.66452208,78.29606508,104.8464731,30.65860361,164.3245306,-100.4450564,866.9181813
54.92451264,77.24839326,102.1679076,29.94694539,169.0213432,-112.0297703,842.558574
52.89168644,85.66606886,101.6613051,29.71842823,141.2493688,-94.07429251,809.2563726
74.5530014,107.4986279,143.2451658,35.88768216,219.4232685,-153.0834231,1113.51047
43.62260016,70.28118624,82.99007349,21.36147792,126.3730637,-90.93100441,681.1784459
44.69003045,69.17101748,85.60620198,18.04555978,137.904979,-91.64163278,669.5197175
43.76859474,62.42175555,83.69930791,20.31031015,110.3072478,-86.56465085,595.145351
44.44522881,75.54439768,94.723795,23.70357895,153.7277641,-90.77127097,755.4486004
43.62612873,59.47100893,79.5182179,25.70125355,135.1265949,-84.8029286,675.3202676
61.89016531,97.43101883,125.3241206,27.62361221,186.8615104,-127.6946842,933.3253496
64.20504248,101.3104753,136.935799,31.00600343,202.0676692,-133.9364518,1022.169781
44.29253706,63.08570455,84.99269957,21.69237087,151.6268436,-95.77793308,719.5100201
41.67644427,69.4769929,78.3274563,16.65085453,131.995306,-92.24718521,638.5609164
54.71415556,80.82100077,107.8146388,29.13112551,171.7329715,-111.5005872,855.3184755
44.47776956,68.16012248,97.21361557,20.06691378,134.4788289,-90.15946036,687.9809269
56.32931818,85.79558646,114.0173898,27.57848804,167.8557485,-115.1843845,871.9625907
52.02923021,77.37230161,100.3399604,24.65876699,152.2813271,-99.08483723,781.4400485
34.84255885,56.31787964,73.07225426,15.05326391,97.91878062,-64.77299686,553.4436842
65.47505201,102.1800216,123.234059,32.71639105,190.9290432,-132.289316,1007.79595
67.95877673,93.19550523,140.68707,33.33255963,193.0718825,-143.0932379,996.9337873
43.8721131,72.32987086,90.60447734,20.8204829,131.0093677,-90.01104662,683.9047432
46.1229844,60.87201666,90.0913095,20.87610734,124.8916126,-94.64525438,656.1754288
52.85865391,84.45071188,99.84720723,27.38790097,160.1032939,-108.3458477,828.4542471
53.3445679,85.65037753,100.4823693,31.63313576,159.7430588,-109.4800114,824.5356972
56.58544273,79.42333194,116.9146068,28.71238306,170.9318106,-115.784737,860.3489426
70.10204539,103.0989966,148.8069543,38.03937734,206.1290836,-141.7502572,1070.88351
48.23052773,66.81726825,91.99990122,19.94459809,169.3064661,-99.00321985,773.5413125
42.01702755,61.95093618,87.24276203,21.4817981,136.9320099,-83.20076507,686.5144463
36.20680772,52.77004016,57.80442631,14.8112989,98.66408316,-70.97214058,486.9189459
42.6906996,67.93435206,81.28907509,16.91457502,129.9350435,-89.02397955,639.3512967
49.66873027,81.05463914,99.12004801,22.61625091,144.1421417,-94.25319924,754.5400805
67.94557864,108.896787,129.5233734,37.54848732,195.7208981,-139.8114065,1025.160126
44.82388701,64.42499038,83.0922294,25.26199099,123.7510845,-96.11897647,650.44357
52.23787952,77.31070991,99.80130214,26.84795392,160.1713721,-102.9526467,801.5975982
49.83577104,66.3364656,101.7168912,20.31978384,144.0562712,-102.9411746,717.3890079
61.88393273,88.79654877,122.4565623,30.35312441,193.3944064,-122.4826996,946.6170847
75.26932426,117.7282446,134.8710299,38.53976216,233.7582305,-160.1533229,1152.449115
44.69131227,75.11488252,74.53772347,22.87226482,145.0652519,-83.81280078,720.775749
45.10560557,61.486664,85.9631549,17.02142204,128.4977226,-87.52203752,639.8197952
60.44160877,87.70009186,124.0870236,27.54985084,185.1277512,-126.8851237,918.4827191
56.8189149,85.09634356,94.40529589,28.21722416,175.5163784,-119.5529383,849.126569
68.46707326,104.1014157,133.4360353,35.84240936,201.6077944,-130.2450829,1051.182061
55.83928185,79.71090518,107.9948287,21.33125746,161.3436699,-114.6280833,791.0309526
46.40707909,71.73092386,102.5325226,22.71716762,152.0974026,-96.15089758,776.2680861
55.90654831,81.49062573,109.1179439,28.38242046,169.5396119,-120.877305,835.3687758
61.08703581,91.55829235,124.8549945,33.09235387,188.3488494,-123.5771844,961.4898718
58.20482181,90.03865396,117.3984436,31.18098366,168.0378573,-117.3205221,901.5633125
55.07274031,82.64122182,95.23151526,29.28408411,155.4639452,-107.2835082,847.1130302
60.6667469,88.81819089,126.7109443,27.93355193,177.4446425,-126.9298075,896.8635298
61.6929559,91.99138484,124.8936873,25.12247154,184.0866966,-129.467059,925.1368464
63.82158991,95.29057007,131.2010603,30.73163668,182.9510097,-125.8393293,958.6552089
56.48709888,82.88059316,140.4578617,31.24844491,169.3825382,-108.9472775,918.105052
48.3288192,71.19924848,82.06884782,28.34477318,131.4784161,-102.9422478,680.049239
51.46713686,85.19394115,115.0071503,27.86521574,145.4410312,-98.60821738,807.2140395
62.06508967,95.90223174,122.1180467,32.3205673,191.562559,-123.980012,975.5330564
41.83064329,61.26856335,85.67258891,22.05424059,130.322254,-79.29406522,652.8625958
53.68673309,84.01487166,107.0548805,25.1750103,157.9251851,-107.6543476,829.3872401
46.06661188,67.43082037,89.16356942,22.64312506,130.0577212,-102.2223354,662.496946
50.28744823,81.29679553,96.58606596,30.15093269,142.6431163,-101.182766,777.7784426
62.78451863,96.0249889,127.8755984,28.5645853,185.3674099,-121.328462,961.0606129
51.91099068,77.3299753,93.20176548,30.79983171,160.88912,-107.3969654,799.7422795
50.46436548,77.93513285,106.1827851,24.26609828,158.819062,-102.4805908,805.2584306
36.40143859,46.74777712,69.88951635,22.17701562,105.2320619,-73.50741119,529.5929382
57.46253566,80.55996615,107.0145859,24.5108228,163.1596676,-126.5231268,801.6020585
56.45484181,78.71263769,109.7595936,29.98513351,171.5072745,-106.2242933,866.8077568
71.63254723,108.1635363,152.065139,33.60596321,208.3093619,-146.8705972,1079.273501
46.92221765,79.04590147,90.09708969,19.21530725,136.6206318,-91.82149357,693.7467386
52.19150328,89.44375565,106.8921819,26.75135377,167.1767186,-104.7298111,871.0672608
52.49383684,81.93101076,99.87097974,29.27533378,164.0984339,-99.95719745,834.9275818
65.7745328,101.1660216,136.8545185,30.35244208,198.5873929,-129.9248411,1036.006807
49.04704468,64.56527834,102.8926435,20.02647446,136.965782,-99.03378644,714.5786867
52.79021526,76.47195389,118.5206923,26.11957334,160.0618183,-109.1544909,811.0609925
56.0789651,80.17952889,110.9289826,27.77717656,176.7381536,-108.9665274,869.2214441
51.86609123,74.69489886,108.4127661,27.5780045,152.5932044,-111.2259477,809.08866
45.53566385,67.46277669,91.75780049,25.61661564,147.4159043,-88.48776603,758.3257977
51.94089993,75.550897,112.9529023,25.79220442,166.1646621,-108.2779789,825.8674687
60.7363175,81.2079772,116.4408083,35.93466869,195.5188152,-116.4635003,969.5629112
39.73484701,63.34182179,84.6847312,20.54012774,121.646486,-78.82449584,630.1941701
51.32969674,71.63082998,101.2965124,24.62556885,158.6882238,-100.0828984,795.2967917
42.99879185,65.6944221,85.54826646,16.66469385,140.3098739,-85.66962845,671.0980273
61.95046629,103.2961128,124.5432,30.18725458,189.4305504,-130.910441,949.384699
34.76813095,47.55527347,71.30194468,16.37490464,100.29452,-72.97917856,496.4189224
44.41078153,53.96473468,88.00795975,25.08630515,129.6440019,-86.1320057,662.1267725
53.77211875,79.22815702,109.0472298,28.27351025,163.2247959,-106.8776142,826.3077762
65.65524029,103.9876586,142.357307,29.28951278,186.6412295,-126.586521,1010.075339
49.34249739,83.80548336,105.5831426,25.18801185,146.8814208,-97.07189653,780.6472337
44.44800473,60.52425913,94.98009161,24.23859588,142.1163911,-92.76281703,694.5208302
68.81157069,105.7008522,134.4343647,38.98987943,188.9046813,-140.8073979,1032.609212
35.519861,50.95323921,64.81503619,20.4224424,118.8354398,-70.62805243,574.9087145
28.01194043,41.48816888,62.71098478,16.28851018,93.01481505,-65.28005713,452.8923978
54.4001445,94.82193349,114.9326165,27.38033023,159.5223166,-102.1065215,885.588053
44.97945776,59.95433499,100.2676102,23.65466489,139.2854999,-88.19192857,715.4662753
39.78767183,60.95020605,75.34747928,23.64235062,119.3881973,-74.66720527,643.5345269
57.08356447,87.96381257,112.5602884,24.54345004,181.0906164,-120.4895447,877.9794335
52.43800714,84.08594233,93.39962514,25.17068559,165.1754866,-99.89775363,822.3618177
44.35921369,67.02873631,85.97112964,19.8619006,121.8770753,-79.79243174,648.0919421
37.19695601,57.33568672,81.3699056,19.73593736,116.2889673,-79.67742545,587.7351134
58.72457328,86.12861709,114.1836789,33.05295317,174.528697,-114.3635394,917.7049758
56.50201178,86.09865238,117.4873821,26.46008303,170.1686959,-112.9995838,888.8390368
49.00824136,71.79640067,96.68296098,17.33320758,141.1993489,-104.1942181,711.7016623
68.46636996,105.8074144,139.2011391,32.99652275,219.3842064,-134.961204,1080.860016
39.29915234,57.10067682,70.56446494,22.38999736,126.2179516,-75.26389185,635.3159782
34.74474829,54.00262441,70.08596273,18.98526385,98.31607556,-71.89400279,507.0647753
43.0809193,64.47506488,65.22388681,22.82501839,118.565873,-81.49817252,626.2838377
49.54413984,79.94646101,97.78000657,23.93209001,145.5470385,-105.7553333,746.3659122
52.43339449,78.39312312,93.45347628,22.37960504,160.7762046,-110.8458136,783.2822341
47.58763942,62.51629679,103.6172405,25.33970268,144.684565,-94.62888926,724.8830484
53.52055397,86.59043845,112.4829594,24.25743155,170.5867245,-106.9395668,874.4470938
37.48460576,51.69824713,78.23590839,25.29459308,118.7731751,-77.83550547,588.7518394
64.43764604,93.38763737,139.5223357,33.93034465,201.0694903,-125.6369143,1025.443127
49.17848822,70.78942585,91.71456079,22.8472992,150.1503079,-96.23339918,736.5812482
61.17295832,98.63162794,134.577459,28.75232342,172.4044851,-118.9133603,929.5025635
53.42725346,69.46250913,113.3798479,26.43479411,158.7161721,-107.3470527,806.5191975
54.56753219,97.54004096,107.4791774,26.56526033,172.1833145,-106.7247433,910.6793972
55.6976728,88.82679325,119.3446866,31.19933773,166.680835,-113.1779468,912.7101562
54.4770856,82.83182297,101.2101166,27.79779131,167.4559797,-100.7388964,857.0620308
56.4272276,84.36637139,107.0828561,26.01871858,166.7316963,-116.1046383,852.1297976
63.2915253,96.36505833,122.3229225,37.31708471,181.6360811,-118.1618609,985.0516554
51.9652117,80.55342969,100.2275794,26.13053084,154.9088826,-103.7908716,803.1381374
57.09003758,88.86113429,106.7841717,30.85153782,173.7424923,-119.6821187,874.3202203
49.10264306,76.43198692,106.7668676,22.72664201,142.0624274,-92.73296871,767.7922676
64.40117215,97.04966164,126.9903635,33.28993296,191.3178265,-128.2987388,994.7909796
43.23607698,63.86742337,88.93968874,22.55136846,122.192525,-83.06765757,651.9177247
68.00940433,101.2577401,132.0263491,28.33575429,212.9821723,-131.123385,1053.258279
49.59842049,73.42308934,86.45261788,30.84503558,146.4396154,-97.84501877,756.8475978
35.69224898,59.20722395,73.27489947,21.71805787,118.6987913,-73.75346134,608.5047476
51.28104415,79.88934984,89.17630347,24.44893613,166.0731153,-98.65923479,798.9499836
43.18948343,50.08228196,85.89852853,18.28793249,128.9200826,-86.37594482,622.9421715
58.40643549,90.88915712,107.2346657,30.24590259,167.1517166,-114.0694397,898.6681173
43.47376021,66.18432128,100.8584524,21.9969732,113.7340976,-95.56244271,647.5057303
45.53816567,68.21370472,97.45587039,23.83608968,124.8382004,-89.28840447,701.1403102
31.10459269,44.71429677,62.94946192,16.12702853,82.32309947,-64.76352868,446.1299582
45.47693681,73.83596881,99.79982036,24.25719137,147.4585674,-84.34063507,772.0942406
25.76120673,43.37944241,45.59820163,17.22252047,78.2102169,-49.03006408,427.1623642
34.16097177,47.37706931,72.12629918,18.7847955,105.5997515,-67.36251255,554.2912724
57.60414656,88.44148128,116.6069662,25.65310678,155.0490716,-113.2630531,823.4024726
57.85800159,81.92871871,117.5641437,33.01668935,163.9902733,-119.7097666,852.0294178
54.25457562,74.4837726,117.4156257,32.0491315,169.8603651,-102.0161245,892.3730104
40.33023857,57.36177173,85.78792186,29.62128949,123.2849086,-72.69499546,668.1826351
49.52288644,78.59629702,101.0668385,21.39096112,147.3910171,-97.47411883,757.3642018
49.96397461,79.71158714,88.34373716,25.71063334,154.4106627,-93.56633494,773.9922225
38.41635311,60.18995676,70.11238215,12.96188044,128.3354418,-79.10929901,590.9912397
65.03398302,101.1764535,129.2090035,34.17643898,193.3336093,-133.2564203,988.2804352
58.77362291,90.74132579,118.2008524,27.74221056,176.8758271,-117.3835468,928.9151798
47.79035826,68.47812942,87.66929045,29.66551652,144.9118501,-93.84095237,741.7597277
50.26885839,77.56290031,117.4194535,22.81058428,169.9434523,-102.1136635,841.2366982
52.08382808,82.12778975,114.7824145,20.97436493,139.4566341,-102.0165834,778.5801103
29.58265132,48.14543362,63.38013087,13.37753444,94.21373807,-57.9397447,490.6905285
47.52822617,77.23690612,95.56071038,17.83764977,141.6662605,-99.04967945,726.7758417
43.18015752,68.31175552,84.87485225,23.84337712,134.0746464,-84.28514297,702.3961289
39.9837999,61.73294089,73.30417058,13.79665081,114.6924193,-76.51348683,577.4456061
47.18899707,76.1342468,94.92035777,23.67987128,141.175271,-93.69211687,735.7583314
67.97686527,101.8326916,137.7579983,27.75499717,209.6218804,-131.3431381,1060.802202
56.40842861,80.20326966,104.1245332,27.24332089,194.1285674,-117.6864724,892.1688939
44.2882101,65.61698033,90.91565513,27.07423952,139.3289198,-86.70461852,718.1859222
55.72582781,79.8642285,110.3648423,28.94485758,160.3929587,-116.1327785,830.9446375
